blind_id,attack_type,environment_type,difficulty,narrative,attack_stages_and_techniques,stage_count
ADV-1CAA91B171,Ransomware,ICS,Hard,"APT29 conducts a sophisticated ransomware attack on a water treatment facility by compromising the supply chain of critical software updates. Through stealthy reconnaissance and advanced software tampering techniques, they establish persistent access to enable long-term intelligence collection.","1. Reconnaissance: T1595 Active Scanning | 2. Initial Access: T1566 Phishing, T1566.001 Malicious Link | 3. Execution: T1203 Exploitation for Client Execution | 4. Persistence: T1078 Valid Accounts",4
ADV-C05BE69843,APT,Enterprise Network,Hard,"Mustang Panda conducts a targeted campaign against a financial services company, leveraging cloud service abuse and identity manipulation to gain access to sensitive customer data. The attackers utilize patient and low-noise tactics to avoid detection while exfiltrating proprietary intellectual property.",1. Reconnaissance: T1595 Active Scanning | 2. Initial Access: T1078 Valid Accounts | 3. Execution: T1566.001 Phishing: Spear Phishing Link | 4. Exfiltration: T1041 Exfiltration Over Command and Control Channel,4
ADV-8AF256BCB3,Ransomware,Cloud Infrastructure,Easy,The threat actor Cozy Bear targets a cloud-native SaaS startup to steal intellectual property. The attack involves rapid reconnaissance and exploitation of vulnerabilities to deploy ransomware quickly.,"1. Reconnaissance: T1595 Active Scanning | 2. Initial Access: T1566.001 Phishing: Spear Phishing Attachment, T1078 Valid Accounts | 3. Execution: T1203 Exploitation for Client Execution, T1486 Data Encrypted for Impact | 4. Impact: T1041 Exfiltration Over Command and Control Channel, T1567 Exfiltration Over Web Service",4
ADV-B2E9905898,Phishing,Enterprise Network,Medium,Mustang Panda initiates a phishing campaign targeting media organizations to compromise cloud service credentials. The objective is to manipulate identities to gain access to sensitive information and poison the supply chain for downstream targets.,1. Reconnaissance: T1595 Active Scanning | 2. Initial Access: T1566.001 Phishing: Spear Phishing Link | 3. Execution: T1078.001 Valid Accounts: Default Accounts | 4. Credential Access: T1552.001 Unsecured Credentials: Credentials in Files,4
ADV-78A0501165,Phishing,ICS,Hard,"An advanced persistent threat group targets an industrial control system (ICS) environment using a multi-stage phishing attack. They gather information about the target's infrastructure, gain initial access through a crafted email, and escalate privileges to manipulate control systems.","1. Reconnaissance: T1595 Active Scanning, T1087 Account Discovery | 2. Initial Access: T1566 Phishing, T1203 Exploitation for Client Execution | 3. Execution: T1059 Command and Scripting Interpreter, T1041 Exfiltration Over Command and Control Channel | 4. Privilege Escalation: T1068 Execution through Application Layer Protocol, T1078 Valid Accounts | 5. Impact: T1499 Endpoint Denial of Service, T1485 Data Manipulation",5
ADV-B62CD08163,APT,Enterprise Network,Easy,"An advanced persistent threat actor targets an enterprise network to exfiltrate sensitive data over a period of time, employing social engineering and credential theft techniques to gain access to internal systems.","1. Reconnaissance: T1595 Active Scanning | 2. Initial Access: T1566 Phishing, T1078 Valid Accounts | 3. Execution: T1203 Exploitation for Client Execution | 4. Persistence: T1136 Create Account | 5. Exfiltration: T1041 Exfiltration Over Command and Control Channel",5
ADV-E772BB9223,Insider Threat,Enterprise Network,Easy,The Sandworm group exploits insider access to cloud services within a media organization to manipulate identities and launch a ransomware campaign. The threat actor remains patient and stealthy as they establish footholds for later extortion attempts.,1. Reconnaissance: T1595 Active Scanning | 2. Initial Access: T1078 Valid Accounts | 3. Privilege Escalation: T1068 Exploitation for Privilege Escalation | 4. Execution: T1486 Data Encrypted for Impact,4
ADV-81547B2A29,Phishing,Cloud Infrastructure,Medium,"An attacker targets a cloud infrastructure provider by conducting reconnaissance to identify potential vulnerabilities and then uses a phishing email to gain initial access to user credentials, followed by exploiting the compromised account to escalate privileges and move laterally across the cloud environment.",1. Reconnaissance: T1595 Active Scanning | 2. Initial Access: T1566 Phishing | 3. Credential Access: T1078 Valid Accounts | 4. Privilege Escalation: T1068 Execution with Unnecessary Privileges | 5. Lateral Movement: T1021 Remote Services,5
ADV-FCF97FA24C,Ransomware,Healthcare,Hard,"APT35 conducts a sophisticated ransomware attack targeting a hospital emergency department, focusing on initial access through spear phishing and credential harvesting. The goal is to deploy ransomware for extortion while maintaining high operational security.","1. Reconnaissance: T1595 Active Scanning | 2. Initial Access: T1566.001 Spear Phishing Link | 3. Credential Harvesting: T1078 Valid Accounts, T1110.002 Brute Force | 4. Ransomware Deployment: T1486 Data Encrypted for Impact",4
ADV-2F29AB1708,APT,ICS,Medium,"Mustang Panda targets the automotive supply chain, leveraging operational vulnerabilities amidst geopolitical tensions. The group employs stealthy techniques to infiltrate critical infrastructure, aiming for disruptive outcomes.","1. Reconnaissance: T1595 Active Scanning | 2. Initial Access: T1566.001 Phishing: Spear Phishing Link, T1078 Valid Accounts | 3. Execution: T1059.001 Command and Scripting Interpreter: PowerShell | 4. Defense Evasion: T1218.011 Signed Binary Proxy Execution: Disguise, T1140 Deobfuscate/Decode Files or Information",4
ADV-305392BC3B,APT,Enterprise Network,Medium,"The Cozy Bear threat actor targets a retail banking institution, aiming to exploit cloud services for data theft and business email compromise. With a focus on low operational security, they conduct a fast-paced attack to manipulate identities and gain access to sensitive financial information.",1. Reconnaissance: T1595 Active Scanning | 2. Initial Access: T1566.001 Phishing: Spear Phishing Link | 3. Credential Access: T1078 Valid Accounts | 4. Exfiltration: T1041 Exfiltration Over Command and Control Channel,4
ADV-02A61B0920,Phishing,Enterprise Network,Hard,"Kimsuky conducts a sophisticated phishing campaign targeting a research university to gain initial access. Using tailored email lures, they aim to deploy ransomware to extort sensitive research data and disrupt academic operations.","1. Reconnaissance: T1595 Active Scanning | 2. Initial Access: T1566 Phishing, T1566.001 Phishing: Spear Phishing Attachment | 3. Lateral Movement: T1078 Valid Accounts, T1021 Remote Services | 4. Impact: T1486 Data Encrypted for Impact",4
ADV-63C9C410EA,Phishing,Healthcare,Medium,"An attacker targets a healthcare organization by first gathering information about employees and their roles, then executing a phishing campaign to gain initial access to sensitive systems.","1. Reconnaissance: T1595 Active Scanning, T1087 Account Discovery | 2. Initial Access: T1566 Phishing, T1078 Valid Accounts | 3. Execution: T1203 Exploitation for Client Execution",3
ADV-001A0228DB,APT,Enterprise Network,Hard,"APT41 targets a telecommunications provider, exploiting existing tools and services within the network to deploy ransomware. The attack is characterized by a low operational security approach, aiming for rapid infiltration and extortion.",1. Reconnaissance: T1595 Active Scanning | 2. Initial Access: T1566.001 Spear Phishing Link | 3. Execution: T1059.001 PowerShell | 4. Persistence: T1078 Valid Accounts | 5. Impact: T1486 Data Encrypted for Impact,5
ADV-59FB56CD06,APT,Cloud Infrastructure,Hard,"An advanced persistent threat actor targets a cloud infrastructure provider, aiming to exfiltrate sensitive data and establish a foothold for long-term access.","1. Reconnaissance: T1595 Active Scanning, T1087 Account Discovery | 2. Initial Access: T1566 Phishing, T1078 Valid Accounts | 3. Execution: T1203 Exploitation for Client Execution, T1059 Command and Scripting Interpreter | 4. Persistence: T1547 Boot or Logon Autostart Execution, T1071 Application Layer Protocol | 5. Exfiltration: T1041 Exfiltration Over Command and Control Channel, T1048 Exfiltration Over Alternative Protocol",5
ADV-451AC20382,Insider Threat,Enterprise Network,Medium,An employee with access to sensitive systems exploits their knowledge to exfiltrate confidential data for personal gain.,"1. Reconnaissance: T1595 Active Scanning, T1087 Account Discovery | 2. Initial Access: T1078 Valid Accounts | 3. Data Exfiltration: T1041 Exfiltration Over Command and Control Channel, T1020 Automated Exfiltration",3
ADV-E74C554359,Ransomware,ICS,Medium,"An attacker targets an Industrial Control System (ICS) environment to deploy ransomware. The attack begins with reconnaissance to identify vulnerable systems, followed by gaining initial access through phishing. Once inside, the attacker escalates privileges and then deploys ransomware to disrupt operations.","1. Reconnaissance: T1595 Active Scanning | 2. Initial Access: T1566 Phishing | 3. Privilege Escalation: T1078 Valid Accounts, T1068 Exploit Public-Facing Application | 4. Execution: T1486 Data Encrypted for Impact",4
ADV-75866EA9B9,Ransomware,Healthcare,Medium,"An attacker is targeting a healthcare organization to deploy ransomware, starting with reconnaissance to identify potential vulnerabilities, followed by gaining initial access through phishing, and finally executing ransomware to encrypt sensitive data and demand a ransom.","1. Reconnaissance: T1595 Active Scanning, T1592 Gather Victim Identity Information | 2. Initial Access: T1566 Phishing, T1078 Valid Accounts | 3. Execution: T1486 Data Encrypted for Impact",3
ADV-A68E462F83,Ransomware,Enterprise Network,Hard,"The Lazarus Group conducts a targeted ransomware attack on a telecommunications provider, focusing on data collection and exfiltration to disrupt services and demand a ransom. The attack leverages sophisticated techniques to maintain stealth while executing destructive actions against critical infrastructure.",1. Reconnaissance: T1595 Active Scanning | 2. Initial Access: T1566.001 Phishing: Spear Phishing Attachment | 3. Execution: T1486 Data Encrypted for Impact | 4. Exfiltration: T1041 Exfiltration Over Command and Control Channel,4
ADV-B3497BB649,Insider Threat,Cloud Infrastructure,Hard,"An insider with privileged access to a cloud infrastructure begins to gather information on other employees and their activities, aiming to exploit vulnerabilities for personal gain.","1. Reconnaissance: T1595 Active Scanning, T1087 Account Discovery | 2. Initial Access: T1078 Valid Accounts, T1566 Phishing | 3. Execution: T1059 Command and Scripting Interpreter, T1041 Exfiltration Over Command and Control Channel | 4. Exfiltration: T1041 Exfiltration Over Command and Control Channel, T1048 Exfiltration Over Alternative Protocol",4
ADV-884BC4E303,Insider Threat,Cloud Infrastructure,Hard,"An insider threat actor with elevated privileges conducts a multi-stage attack on the cloud infrastructure, starting from reconnaissance to data exfiltration while using legitimate access to bypass security measures.","1. Reconnaissance: T1595 Active Scanning, T1087 Account Discovery | 2. Initial Access: T1078 Valid Accounts | 3. Execution: T1059 Command and Scripting Interpreter | 4. Exfiltration: T1041 Exfiltration Over API",4
ADV-7DE4C3CBE2,APT,ICS,Medium,"Cozy Bear has launched a targeted attack on a water treatment facility, aiming to steal intellectual property related to water purification technologies. The campaign is characterized by low operational security and noisy tactics due to time pressure, focusing on quickly gaining initial access and harvesting credentials.","1. Reconnaissance: T1595 Active Scanning | 2. Initial Access: T1566 Phishing, T1566.001 Phishing: Spear Phishing Link | 3. Credential Access: T1078 Valid Accounts, T1003 Credential Dumping | 4. Exfiltration: T1041 Exfiltration Over Command and Control Channel",4
ADV-FE4A4D361C,Ransomware,Enterprise Network,Hard,"APT41 launched a ransomware attack against a retail e-commerce platform, aiming to steal intellectual property while operating with low operational security. The attackers leveraged existing tools within the environment to evade detection and executed the attack in a time-pressured manner.","1. Reconnaissance: T1595 Active Scanning | 2. Initial Access: T1566 Phishing, T1078 Valid Accounts | 3. Execution: T1203 Exploitation for Client Execution, T1036 Masquerading | 4. Impact: T1486 Data Encrypted for Impact",4
ADV-BF4DA2C54F,Insider Threat,ICS,Hard,The attack campaign begins with Mustang Panda leveraging insider access to gather intelligence on the manufacturing processes. The objective is to deploy ransomware that can extort sensitive information while maintaining a low noise profile during the attack.,1. Reconnaissance: T1595 Active Scanning | 2. Initial Access: T1078.001 Valid Accounts | 3. Persistence: T1547.001 Registry Run Keys / Startup Folder | 4. Command and Control: T1071.001 Application Layer Protocol: Web Protocols | 5. Exfiltration: T1041 Exfiltration Over Command and Control Channel,5
ADV-E64E13FB09,APT,Healthcare,Easy,"The Kimsuky threat actor targets a hospital emergency department to steal sensitive intellectual property related to medical research. Utilizing low operational security, they aim for a fast and noisy attack to achieve their objectives under time pressure.",1. Reconnaissance: T1595 Active Scanning | 2. Initial Access: T1566.001 Phishing: Spear Phishing Attachment | 3. Execution: T1203 Exploitation for Client Execution | 4. Impact: T1485 Data Destruction,4
ADV-4F472F820C,Ransomware,Healthcare,Hard,"A cybercriminal group targets a healthcare facility to deploy ransomware, exploiting vulnerabilities in the network and holding critical patient data hostage.","1. Reconnaissance: T1595 Active Scanning, T1046 Network Service Scanning | 2. Initial Access: T1566 Phishing, T1078 Valid Accounts | 3. Execution: T1203 Exploitation for Client Execution, T1059 Command and Scripting Interpreter | 4. Persistence: T1136 Create Account, T1543 Create or Modify System Process | 5. Data Encrypted: T1486 Data Encrypted for Impact",5
ADV-EC8A96AE85,APT,Cloud Infrastructure,Medium,"An advanced persistent threat (APT) group targets a cloud infrastructure to exploit vulnerabilities and gain unauthorized access to sensitive data. The attack unfolds in multiple stages, starting with reconnaissance and culminating in data exfiltration.","1. Reconnaissance: T1595 Active Scanning | 2. Initial Access: T1566 Phishing, T1078 Valid Accounts | 3. Execution: T1059 Command and Scripting Interpreter | 4. Persistence: T1053 Scheduled Task/Job | 5. Exfiltration: T1041 Exfiltration Over Command and Control Channel",5
ADV-B632365931,APT,Healthcare,Hard,"An advanced persistent threat group targets a healthcare organization to steal patient data and disrupt services. The attackers utilize sophisticated techniques to infiltrate the network, maintain persistence, and exfiltrate sensitive information over time.","1. Reconnaissance: T1595 Active Scanning, T1583 Acquire Infrastructure | 2. Initial Access: T1566 Phishing, T1078 Valid Accounts | 3. Execution: T1203 Exploitation for Client Execution, T1059 Command and Scripting Interpreter | 4. Persistence: T1543 Create or Modify System Process, T1136 Create Account | 5. Privilege Escalation: T1068 exploitation of elevation of privilege vulnerabilities | 6. Exfiltration: T1041 Exfiltration Over Command and Control Channel, T1048 Exfiltration Over Alternative Protocol",6
ADV-28AEA274A3,Phishing,Healthcare,Hard,"An attacker targets a healthcare organization using a phishing campaign to gain unauthorized access to sensitive patient data. The attack unfolds in multiple stages, starting with reconnaissance to gather information about potential targets, followed by initial access through a phishing email, and later stages involving credential harvesting and data exfiltration.",1. Reconnaissance: T1595 Active Scanning | 2. Initial Access: T1566 Phishing | 3. Credential Access: T1078 Valid Accounts | 4. Exfiltration: T1041 Exfiltration Over Command and Control Channel,4
ADV-911F49D19E,Phishing,ICS,Easy,"An attacker targets an ICS environment using a phishing email to gain initial access. The attacker first conducts reconnaissance to identify potential victims within the organization, then utilizes a crafted email to deliver malicious content, ultimately gaining access to critical systems.","1. Reconnaissance: T1595 Active Scanning | 2. Initial Access: T1566 Phishing, T1078 Valid Accounts | 3. Execution: T1203 Exploitation for Client Execution",3
ADV-BE77E9945E,Phishing,Cloud Infrastructure,Easy,An attacker targets a cloud infrastructure environment using a phishing email to gain initial access and deploys malware for further exploitation.,"1. Reconnaissance: T1595 Active Scanning | 2. Initial Access: T1566 Phishing, T1078 Valid Accounts | 3. Execution: T1059 Command and Scripting Interpreter | 4. Persistence: T1136 Create Account",4
ADV-2FC797FDCB,Ransomware,Healthcare,Easy,"An attacker targets a healthcare organization, initiating a ransomware attack through careful reconnaissance and exploiting weak access controls before deploying the ransomware payload.","1. Reconnaissance: T1595 Active Scanning | 2. Initial Access: T1566 Phishing, T1078 Valid Accounts | 3. Execution: T1203 Exploitation for Client Execution | 4. Impact: T1486 Data Encrypted for Impact",4
ADV-1B39E5FAC2,Insider Threat,Enterprise Network,Medium,An employee with access to sensitive data begins to collect information on the company's security measures and exploits their access to siphon off data for personal gain.,"1. Reconnaissance: T1595 Active Scanning, T1087 Account Discovery | 2. Initial Access: T1078 Valid Accounts, T1041 Exfiltration Over Command and Control Channel | 3. Execution: T1059 Scripting, T1020 Automated Exfiltration",3
ADV-54F555CDE3,Insider Threat,ICS,Easy,"An insider at the ICS facility conducts reconnaissance to identify vulnerable systems, then gains initial access through social engineering, and finally escalates privileges to manipulate control systems.","1. Reconnaissance: T1595 Active Scanning, T1087 Account Discovery | 2. Initial Access: T1566 Phishing, T1078 Valid Accounts | 3. Privilege Escalation: T1068 Execution with Unnecessary Privileges, T1134 Access Token Manipulation",3
ADV-944EB97AF7,Insider Threat,Healthcare,Hard,"An insider employee at a healthcare facility begins to gather information about patient records and system vulnerabilities, leading to unauthorized access and data exfiltration.","1. Reconnaissance: T1595 Active Scanning, T1087 Account Discovery | 2. Initial Access: T1078 Valid Accounts, T1071 Application Layer Protocol | 3. Execution: T1059 Command and Scripting Interpreter | 4. Exfiltration: T1041 Exfiltration Over Command and Control Channel, T1567 Exfiltration Over Web Service",4
ADV-2C86ACB7C2,Ransomware,ICS,Hard,The Kimsuky group targets a water treatment facility to execute a ransomware attack through compromised supply chain software. Their objective is to deploy malicious software that disrupts operations and facilitates financial theft via business email compromise.,1. Reconnaissance: T1595 Active Scanning | 2. Initial Access: T1566.001 Phishing: Spear Phishing Attachment | 3. Execution: T1203 Exploitation for Client Execution | 4. Data Encrypted: T1486 Data Encrypted for Impact,4
ADV-537B960BB1,Insider Threat,ICS,Easy,"Mustang Panda has infiltrated a water treatment facility through insider connections, aiming to steal sensitive intellectual property. The attackers leverage their insider knowledge to maintain a low profile while deploying persistent malware to harvest data over time.",1. Reconnaissance: T1595 Active Scanning | 2. Initial Access: T1078 Valid Accounts | 3. Execution: T1203 Exploitation for Client Execution | 4. Persistence: T1547.001 Registry Run Keys / Startup Folder,4
ADV-A85CFD78B3,Insider Threat,Cloud Infrastructure,Medium,"An insider employee with elevated access privileges uses their knowledge of the cloud infrastructure to exfiltrate sensitive data. The attack unfolds in multiple stages, starting with reconnaissance and culminating in data exfiltration.","1. Reconnaissance: T1595 Active Scanning, T1087 Account Discovery | 2. Initial Access: T1078 Valid Accounts, T1566 Phishing | 3. Data Exfiltration: T1041 Exfiltration Over Command and Control Channel, T1020 Automated Exfiltration",3
ADV-A94EA274FF,Phishing,Enterprise Network,Hard,"APT41 conducts a sophisticated phishing campaign targeting telecommunications firms to steal intellectual property. Utilizing their knowledge of the industry, they blend in with legitimate traffic and leverage existing tools to minimize detection.",1. Reconnaissance: T1595 Active Scanning | 2. Initial Access: T1566.001 Phishing: Spear Phishing Link | 3. Credential Access: T1078 Valid Accounts | 4. Execution: T1059.001 Command and Scripting Interpreter: PowerShell,4
ADV-117803985B,Ransomware,Enterprise Network,Medium,The Lazarus Group targets a telecommunications provider to deploy ransomware and steal sensitive intellectual property. The campaign emphasizes stealth and persistence to maintain access over an extended period.,1. Reconnaissance: T1595 Active Scanning | 2. Initial Access: T1566.001 Spear Phishing Link | 3. Execution: T1203 Exploitation for Client Execution | 4. Persistence: T1547.001 Registry Run Keys / Startup Folder | 5. Data Exfiltration: T1041 Exfiltration Over Command and Control Channel,5
ADV-748451A420,Ransomware,Cloud Infrastructure,Hard,"A sophisticated adversary targets a cloud infrastructure to deploy ransomware, leveraging advanced techniques to gain access and exfiltrate sensitive data before encryption occurs.","1. Reconnaissance: T1595 Active Scanning, T1590 Gather Victim Identity Information | 2. Initial Access: T1566 Phishing, T1078 Valid Accounts | 3. Execution: T1203 Exploitation for Client Execution, T1059 Command-Line Interface | 4. Exfiltration: T1041 Exfiltration Over Command and Control Channel, T1048 Exfiltration Over Alternative Protocol | 5. Impact: T1486 Data Encrypted for Impact",5
ADV-658E67D770,Phishing,ICS,Easy,An attacker targets an ICS environment through a phishing email to gain initial access and control over the system.,1. Reconnaissance: T1595 Active Scanning | 2. Initial Access: T1566 Phishing | 3. Execution: T1203 Exploitation for Client Execution | 4. Credential Access: T1078 Valid Accounts,4
ADV-D169F3E5C9,Ransomware,Healthcare,Easy,"An attacker targets a healthcare organization by first gathering information about their network and employees, then exploiting weak credentials to gain access, and finally deploying ransomware to encrypt sensitive patient data, demanding a ransom for decryption keys.","1. Reconnaissance: T1595 Active Scanning | 2. Initial Access: T1566 Phishing, T1078 Valid Accounts | 3. Execution: T1203 Exploitation for Client Execution | 4. Impact: T1486 Data Encrypted for Impact",4
ADV-589193E08E,APT,ICS,Hard,"In this campaign, Cozy Bear targets the critical infrastructure of the power grid, leveraging cloud services to manipulate identities and access sensitive information. The attackers execute a fast-paced, noisy operation aimed at financial theft through business email compromise.",1. Reconnaissance: T1595 Active Scanning | 2. Initial Access: T1566.001 Phishing: Spear Phishing Attachment | 3. Credential Access: T1078 Valid Accounts | 4. Exfiltration: T1041 Exfiltration Over Command and Control Channel,4
ADV-4739721DD4,Insider Threat,Healthcare,Medium,"A disgruntled healthcare employee exploits their access to sensitive patient data and systems, ultimately leading to data theft and potential exposure of confidential information.","1. Reconnaissance: T1595 Active Scanning, T1087 Account Discovery | 2. Initial Access: T1078 Valid Accounts, T1106 Execution using Native Tools | 3. Data Exfiltration: T1041 Exfiltration Over Command and Control Channel, T1020 Automated Exfiltration",3
ADV-688F54D5AD,Phishing,Enterprise Network,Medium,An attacker conducts a phishing campaign targeting employees in an enterprise network to gain initial access and exploit sensitive data.,"1. Reconnaissance: T1595 Active Scanning | 2. Initial Access: T1566 Phishing, T1078 Valid Accounts | 3. Execution: T1203 Exploitation for Client Execution | 4. Persistence: T1136 Create Account | 5. Data Exfiltration: T1041 Exfiltration Over Command and Control Channel",5
ADV-DC24272123,APT,ICS,Easy,"APT41 targets a water treatment facility to disrupt critical infrastructure, leveraging initial access techniques for credential harvesting. This campaign aims to gain control over operational technologies and execute a destructive attack.","1. Reconnaissance: T1595 Active Scanning | 2. Initial Access: T1566.001 Spear Phishing Link, T1078 Valid Accounts | 3. Credential Access: T1003.001 OS Credential Dumping: LSASS Memory, T1110.001 Brute Force: Password Guessing | 4. Command and Control: T1071.001 Application Layer Protocol: Web Protocols, T1090 Proxy",4
ADV-D72EDCE81F,Ransomware,ICS,Hard,"An adversary targets an ICS environment to deploy ransomware, aiming to disrupt operations and extort the organization for a ransom payment. The attack progresses through reconnaissance, initial access, execution, and finally, data encryption stages.","1. Reconnaissance: T1595 Active Scanning, T1069 Permission Groups Discovery | 2. Initial Access: T1566 Phishing, T1078 Valid Accounts | 3. Execution: T1203 Exploitation for Client Execution, T1059.001 PowerShell | 4. Lateral Movement: T1021 Remote Services, T1550.002 Pass the Hash | 5. Data Encryption: T1486 Data Encrypted for Impact, T1490 Inhibit System Recovery",5
ADV-C1A2F003FB,Ransomware,ICS,Medium,"APT35 conducts a slow and methodical ransomware campaign targeting critical infrastructure in the power grid sector, focusing on intellectual property theft. Utilizing advanced techniques, they aim to compromise domain accounts and move laterally within the network.","1. Reconnaissance: T1595 Active Scanning | 2. Initial Access: T1566.001 Spear Phishing Link | 3. Lateral Movement: T1078 Valid Accounts, T1021.002 Remote Services: RDP | 4. Data Exfiltration: T1041 Exfiltration Over Command and Control Channel",4
ADV-C62AD7706B,Ransomware,ICS,Easy,"Charming Kitten targets a critical infrastructure power grid to exfiltrate sensitive data and deploy ransomware. The attack leverages social engineering tactics to gain initial access, followed by lateral movement to deploy a destructive payload.","1. Reconnaissance: T1595 Active Scanning | 2. Initial Access: T1566 Phishing, T1566.001 Phishing: Spear Phishing Link | 3. Execution: T1203 Exploitation for Client Execution, T1059 Command and Scripting Interpreter | 4. Impact: T1486 Data Encrypted for Impact",4
ADV-729E3589A0,Ransomware,ICS,Medium,"An attacker targets an ICS environment, aiming to deploy ransomware that encrypts critical operational data and disrupts services. The attack involves multiple stages, starting from reconnaissance to execution of the ransomware payload.","1. Reconnaissance: T1595 Active Scanning | 2. Initial Access: T1566 Phishing, T1078 Valid Accounts | 3. Execution: T1486 Data Encrypted for Impact",3
ADV-18C7BB3563,Phishing,Healthcare,Medium,"An attacker targets a healthcare organization to gain unauthorized access to sensitive patient data through a phishing campaign. The attacker conducts reconnaissance to gather information, deploys a phishing email to gain initial access, and then escalates privileges to access sensitive systems.","1. Reconnaissance: T1595 Active Scanning, T1087 Account Discovery | 2. Initial Access: T1566 Phishing, T1071 Application Layer Protocol | 3. Execution: T1203 Exploitation for Client Execution, T1059 Command and Scripting Interpreter | 4. Privilege Escalation: T1078 Valid Accounts, T1068 Exploitation for Privilege Escalation",4
ADV-BE4619ACAB,Phishing,ICS,Easy,An attacker targets an industrial control system by initially gathering information about the network and its personnel to craft a convincing phishing email that leads to credential theft and further access into the ICS environment.,"1. Reconnaissance: T1595 Active Scanning | 2. Initial Access: T1566 Phishing, T1078 Valid Accounts",2
ADV-C452614FB5,Insider Threat,Cloud Infrastructure,Easy,"In this campaign, Kimsuky targets a cloud-native SaaS startup to collect sensitive data through insider threats. Leveraging moderate operational security, they aim for a destructive attack on the startup's critical infrastructure.",1. Reconnaissance: T1595 Active Scanning | 2. Initial Access: T1566.001 Phishing: Spear Phishing Link | 3. Execution: T1203 Exploitation for Client Execution | 4. Exfiltration: T1041 Exfiltration Over Command and Control Channel,4
ADV-2D2C035F32,APT,ICS,Hard,"An advanced persistent threat targeting an industrial control system seeks to disrupt operations and exfiltrate sensitive data over an extended period. The attackers utilize a multi-stage approach, starting from reconnaissance to establish a foothold within the network and ultimately compromising critical assets.","1. Reconnaissance: T1595 Active Scanning, T1087 Account Discovery | 2. Initial Access: T1566 Phishing, T1078 Valid Accounts | 3. Execution: T1059 Scripting, T1203 Exploitation for Client Execution | 4. Persistence: T1547 Boot or Logon Autostart Execution, T1136 Create Account | 5. Privilege Escalation: T1068 Exploitation for Privilege Escalation, T1200 Hardware Additions | 6. Exfiltration: T1041 Exfiltration Over Command and Control Channel, T1048 Exfiltration Over Alternative Protocol",6
ADV-7D8CF074F1,APT,Enterprise Network,Easy,"The Lazarus Group targets a telecommunications provider to establish persistent access for long-term intelligence collection. Utilizing a high operational security approach, they conduct reconnaissance and deliver a destructive payload to disrupt services while maintaining low visibility.","1. Reconnaissance: T1595 Active Scanning | 2. Initial Access: T1566.001 Phishing: Spear Phishing Link, T1078 Valid Accounts | 3. Execution: T1203 Exploitation for Client Execution, T1204.001 User Execution: Malicious Link | 4. Impact: T1485 Data Destruction, T1499 Endpoint Denial of Service",4
ADV-F44B46030C,Insider Threat,Enterprise Network,Hard,An employee with access to sensitive data begins to gather information about the network and its vulnerabilities. They subsequently exploit their access to gain further control and extract confidential data over a period of time.,1. Reconnaissance: T1595 Active Scanning | 2. Initial Access: T1078 Valid Accounts | 3. Privilege Escalation: T1068 Execution with Unnecessary Privileges | 4. Data Exfiltration: T1041 Exfiltration Over Command and Control Channel,4
ADV-86D500B330,Phishing,Enterprise Network,Easy,An attacker targets an enterprise network through a phishing email campaign to gain initial access to sensitive systems and data.,"1. Reconnaissance: T1595 Active Scanning | 2. Initial Access: T1566 Phishing, T1078 Valid Accounts | 3. Credential Access: T1110 Brute Force, T1552.001 Credentials In Files",3
ADV-49741AFCB0,Phishing,Healthcare,Medium,"APT28 conducts a phishing campaign targeting pharmaceutical companies to deliver a destructive payload aimed at supply chain poisoning. The sophisticated approach ensures stealth and patience, maximizing impact on downstream targets.",1. Reconnaissance: T1595 Active Scanning | 2. Initial Access: T1566.001 Phishing: Spear Phishing Attachment | 3. Execution: T1203 Exploitation for Client Execution | 4. Impact: T1485 Data Destruction,4
ADV-2D2E337E83,Phishing,ICS,Medium,"The Lazarus Group conducts a phishing campaign targeting employees of a water treatment facility, using deceptive emails to harvest credentials. This initial access is intended to facilitate a ransomware deployment to extort the organization.","1. Reconnaissance: T1595 Active Scanning | 2. Initial Access: T1566 Phishing, T1566.001 Phishing: Spear Phishing Link | 3. Credential Access: T1078 Valid Accounts | 4. Execution: T1486 Data Encrypted for Impact",4
ADV-DC9B4AC07F,Ransomware,Healthcare,Easy,"APT41 targets a pharmaceutical company to gain access to sensitive data for espionage while leveraging ransomware to disrupt operations. Their approach involves active scanning for vulnerabilities and utilizing phishing methods to establish a foothold in the network, followed by data exfiltration.","1. Reconnaissance: T1595 Active Scanning, T1598 Phishing for Information | 2. Initial Access: T1566.001 Spear Phishing Link, T1078 Valid Accounts | 3. Execution: T1203 Exploitation for Client Execution, T1486 Data Encrypted for Impact | 4. Exfiltration: T1041 Exfiltration Over Command and Control Channel, T1020 Automated Exfiltration",4
ADV-F87C2B06AB,Insider Threat,Healthcare,Hard,An insider with privileged access to the healthcare system exploits their position to steal sensitive patient data for personal gain.,1. Reconnaissance: T1595 Active Scanning | 2. Initial Access: T1078 Valid Accounts | 3. Data Exfiltration: T1041 Exfiltration Over Command and Control Channel,3
ADV-858FF409BE,APT,Cloud Infrastructure,Medium,"APT35 targets a cloud-native SaaS startup to steal sensitive intellectual property. Utilizing low operational security tactics, they employ active scanning and phishing to gain initial access and establish persistence within the target's infrastructure.","1. Reconnaissance: T1595 Active Scanning | 2. Initial Access: T1566 Phishing, T1566.001 Phishing - Spear Phishing Attachment | 3. Persistence: T1078 Valid Accounts, T1548.001 Abuse Elevation Control Mechanism - Elevation of Privilege | 4. Collection: T1005 Data from Local System, T1560 Archive Collected Data",4
ADV-CF6E358E00,APT,ICS,Hard,An advanced persistent threat targets an industrial control system to disrupt operations and gain unauthorized access to sensitive data.,"1. Reconnaissance: T1595 Active Scanning, T1083 File and Directory Discovery | 2. Initial Access: T1566 Phishing, T1203 Exploitation for Client Execution | 3. Execution: T1203 Exploitation for Client Execution, T1059 Command and Scripting Interpreter | 4. Persistence: T1078 Valid Accounts, T1136 Create Account | 5. Command and Control: T1071 Application Layer Protocol, T1090 Connection Proxy | 6. Exfiltration: T1041 Exfiltration Over Command and Control Channel, T1048 Exfiltration Over Alternative Protocol",6
ADV-29E14D6D4B,Ransomware,Cloud Infrastructure,Hard,"A sophisticated adversary targets a cloud infrastructure provider, aiming to execute a ransomware attack. The attacker conducts reconnaissance to identify vulnerabilities, gains initial access through phishing, escalates privileges, and finally deploys ransomware to encrypt critical data and demand a ransom for decryption keys.","1. Reconnaissance: T1595 Active Scanning, T1592 Gather Victim Identity Information | 2. Initial Access: T1566 Phishing, T1078 Valid Accounts | 3. Privilege Escalation: T1068 Execution with Privileged Account | 4. Execution: T1486 Data Encrypted for Impact | 5. Impact: T1490 Inhibit System Recovery",5
ADV-DCFF87F783,Insider Threat,ICS,Hard,An insider with privileged access to the ICS environment conducts a series of actions to compromise critical systems and exfiltrate sensitive data.,"1. Reconnaissance: T1595 Active Scanning, T1087 Account Discovery | 2. Initial Access: T1078 Valid Accounts, T1069 Permission Groups Discovery | 3. Execution: T1059 Command and Scripting Interpreter, T1203 Exploitation for Client Execution | 4. Exfiltration: T1041 Exfiltration Over Command and Control Channel, T1048 Exfiltration Over Alternative Protocol",4
ADV-D2F2A3FD48,Insider Threat,Enterprise Network,Easy,"Charming Kitten targets a law firm to gain access to sensitive client information and intellectual property. Utilizing insider threats, they conduct phishing campaigns to harvest credentials from unsuspecting employees.","1. Reconnaissance: T1595 Active Scanning | 2. Initial Access: T1566.001 Phishing: Spear Phishing Link, T1078 Valid Accounts | 3. Credential Harvesting: T1110.001 Brute Force: Password Guessing | 4. Exfiltration: T1041 Exfiltration Over Command and Control Channel",4
ADV-F741000ABB,APT,Enterprise Network,Medium,The Sandworm group targets government and defense contractors to establish persistent access for long-term intelligence collection. They employ a series of stealthy techniques to ensure their implants remain undetected over extended periods.,"1. Reconnaissance: T1595 Active Scanning | 2. Initial Access: T1566 Phishing, T1566.001 Phishing: Spear Phishing Attachment | 3. Persistence: T1543 Create or Modify System Process, T1547 Startup Item | 4. Command and Control: T1071 Application Layer Protocol, T1071.001 Application Layer Protocol: Web Protocols",4
ADV-F83F8E3C87,Insider Threat,ICS,Medium,"Charming Kitten targets a major automotive supply chain company to steal sensitive intellectual property. Utilizing insider access, they deliver a destructive payload while maintaining low noise and operational security.",1. Reconnaissance: T1595 Active Scanning | 2. Initial Access: T1078 Valid Accounts | 3. Execution: T1203 Exploitation for Client Execution | 4. Impact: T1485 Data Destruction,4
ADV-B328944C9E,Phishing,Healthcare,Hard,"An advanced persistent threat group conducts a multi-stage attack on a healthcare organization, starting with reconnaissance to identify potential targets, followed by a phishing campaign to gain initial access, and culminating in credential harvesting and lateral movement within the network.","1. Reconnaissance: T1595 Active Scanning | 2. Initial Access: T1566 Phishing, T1078 Valid Accounts | 3. Credential Access: T1110 Brute Force, T1543 Create or Modify System Process | 4. Lateral Movement: T1021 Remote Services, T1550.002 Pass the Hash",4
ADV-D1D48E2E74,APT,ICS,Easy,APT28 targets the power grid's supply chain to introduce vulnerable components that allow for downstream exploitation. The group employs living-off-the-land techniques to minimize detection while rapidly executing their plan under time pressure.,1. Reconnaissance: T1595 Active Scanning | 2. Initial Access: T1566.001 Phishing - Spear Phishing Attachment | 3. Execution: T1059.001 Command and Scripting Interpreter - PowerShell | 4. Persistence: T1547.001 Startup Items,4
ADV-93060DA2EA,APT,Cloud Infrastructure,Easy,An attacker targets a cloud infrastructure provider to gain access to sensitive data by utilizing social engineering and exploiting misconfigurations in cloud services.,"1. Reconnaissance: T1595 Active Scanning | 2. Initial Access: T1566 Phishing, T1078 Valid Accounts | 3. Execution: T1059 Command and Scripting Interpreter",3
ADV-597CD136C1,Phishing,Cloud Infrastructure,Hard,"An attacker targets a cloud infrastructure provider by conducting a phishing campaign aimed at gaining access credentials to cloud accounts, leading to data exfiltration and further exploitation of the cloud environment.","1. Reconnaissance: T1595 Active Scanning, T1583 Acquire Infrastructure | 2. Initial Access: T1566 Phishing, T1078 Valid Accounts | 3. Credential Access: T1110 Brute Force, T1552.001 Credentials In Files | 4. Exfiltration: T1041 Exfiltration Over Command and Control Channel, T1020 Automated Exfiltration",4
ADV-17998624DB,APT,Enterprise Network,Medium,"The Sandworm threat actor targets a law firm to infiltrate their systems, attempting to poison their supply chain to impact downstream clients. Utilizing a combination of social engineering and credential harvesting, they aim to gain initial access while maintaining a balance of speed and stealth.","1. Reconnaissance: T1595 Active Scanning | 2. Initial Access: T1566.001 Phishing: Spear Phishing Link, T1078 Valid Accounts | 3. Credential Harvesting: T1110.001 Brute Force: Password Guessing, T1552.001 Unsecured Credentials: Credentials in Files | 4. Supply Chain Compromise: T1195.001 Supply Chain Compromise: Compromise Software Supply Chain",4
ADV-172020B26D,Ransomware,Cloud Infrastructure,Medium,"An attacker targets a cloud infrastructure environment, exploiting vulnerabilities through reconnaissance, gaining initial access, and deploying ransomware to encrypt critical data.","1. Reconnaissance: T1595 Active Scanning | 2. Initial Access: T1566 Phishing, T1078 Valid Accounts | 3. Execution: T1059 Command and Scripting Interpreter | 4. Impact: T1486 Data Encrypted for Impact",4
ADV-27726A1125,Insider Threat,Cloud Infrastructure,Hard,"An insider threat actor within a cloud infrastructure environment conducts reconnaissance to identify sensitive data, exploits access to gain initial access, and manipulates cloud resources for data exfiltration.","1. Reconnaissance: T1595 Active Scanning, T1087 Account Discovery | 2. Initial Access: T1078 Valid Accounts, T1566 Phishing | 3. Execution: T1059 Command and Scripting Interpreter, T1059.001 PowerShell | 4. Exfiltration: T1041 Exfiltration Over Command and Control Channel, T1048 Exfiltration Over Alternative Protocol",4
ADV-A58C1974D9,APT,Healthcare,Hard,"The Lazarus Group conducts a sophisticated APT campaign targeting a hospital emergency department to gain persistent access for long-term intelligence collection. Using a mix of stealthy techniques, they aim to implant malware that enables continuous monitoring of sensitive healthcare data.","1. Reconnaissance: T1595 Active Scanning | 2. Initial Access: T1566.001 Phishing: Spear Phishing Attachment, T1078 Valid Accounts | 3. Persistence: T1547.001 Startup Items: Registry Run Keys / Startup Folder, T1136 Create Account | 4. Command and Control: T1071.001 Application Layer Protocol: Web Protocols, T1095 Non-Application Layer Protocol",4
ADV-228867A335,Ransomware,Enterprise Network,Easy,"An attacker targets a small enterprise network, conducting reconnaissance to identify vulnerable systems, gaining initial access through phishing, escalating privileges, and deploying ransomware to encrypt files on critical systems.",1. Reconnaissance: T1595 Active Scanning | 2. Initial Access: T1566 Phishing | 3. Execution: T1203 Exploitation for Client Execution | 4. Privilege Escalation: T1068 Elevated Execution with Privileged Credentials | 5. Impact: T1486 Data Encrypted for Impact,5
ADV-E173418C4C,Insider Threat,Healthcare,Medium,"The Sandworm group has infiltrated a pharmaceutical company through an insider, leveraging compromised credentials to gather sensitive information. Their campaign focuses on maintaining persistent access while conducting surveillance on research and development efforts.",1. Reconnaissance: T1595 Active Scanning | 2. Initial Access: T1566.001 Phishing: Spear Phishing Attachment | 3. Credential Access: T1078.001 Valid Accounts: Local Accounts | 4. Lateral Movement: T1021.001 Remote Services: Remote Desktop Protocol,4
ADV-D65302B796,Phishing,Cloud Infrastructure,Hard,An attacker conducts a multi-stage phishing attack targeting cloud infrastructure to gain unauthorized access and exfiltrate sensitive data.,"1. Reconnaissance: T1595 Active Scanning | 2. Initial Access: T1566 Phishing, T1078 Valid Accounts | 3. Credential Access: T1078 Valid Accounts, T1110 Brute Force | 4. Exfiltration: T1041 Exfiltration Over Command and Control Channel, T1048 Exfiltration Over Alternative Protocol",4
ADV-B79E672C31,Insider Threat,Enterprise Network,Hard,"Kimsuky targets a law firm with low operational security, leveraging insider knowledge for lateral movement. The goal is to deploy ransomware for extortion, exploiting weak access controls and unpatched systems.","1. Reconnaissance: T1595 Active Scanning | 2. Initial Access: T1566.001 Phishing: Spear Phishing Link | 3. Lateral Movement: T1078 Valid Accounts, T1021.001 Remote Services: Remote Desktop Protocol | 4. Exfiltration and Ransomware Deployment: T1041 Exfiltration Over Command and Control Channel, T1486 Data Encrypted for Impact",4
ADV-2579517B32,Insider Threat,Cloud Infrastructure,Medium,"An insider with access to the company's cloud infrastructure begins to gather intelligence on sensitive data and system configurations, eventually leveraging their access to exfiltrate critical information.","1. Reconnaissance: T1595 Active Scanning, T1087 Account Discovery | 2. Initial Access: T1078 Valid Accounts, T1566 Phishing | 3. Data Exfiltration: T1041 Exfiltration Over Command and Control Channel, T1020 Automated Exfiltration",3
ADV-336BB0B923,APT,Healthcare,Medium,"Kimsuky targets hospital emergency departments by infiltrating software supply chains to gain persistent access for intelligence collection. Utilizing their high operational security, they execute a slow and patient approach, ensuring low noise during the attack.",1. Reconnaissance: T1595 Active Scanning | 2. Initial Access: T1566.001 Phishing: Spear Phishing Link | 3. Execution: T1203 Exploitation for Client Execution | 4. Persistence: T1543.002 Create or Modify System Process: Windows Service,4
ADV-308EE463DE,Insider Threat,Enterprise Network,Hard,"An employee with privileged access begins to exploit their position to exfiltrate sensitive data for personal gain. The attack unfolds in multiple stages, starting with reconnaissance and culminating in data exfiltration.","1. Reconnaissance: T1595 Active Scanning, T1087 Account Discovery | 2. Initial Access: T1078 Valid Accounts, T1059.001 PowerShell | 3. Persistence: T1136 Create Account, T1053 Scheduled Task | 4. Exfiltration: T1041 Exfiltration Over Command and Control Channel, T1048 Exfiltration Over Alternative Protocol",4
ADV-2387A39A4E,Ransomware,Enterprise Network,Medium,An attacker conducts a multi-stage ransomware attack on an enterprise network starting with reconnaissance and culminating in data encryption and ransom demands.,1. Reconnaissance: T1595 Active Scanning | 2. Initial Access: T1566 Phishing | 3. Execution: T1203 Exploitation for Client Execution | 4. Data Encrypted: T1486 Data Encrypted for Impact,4
ADV-091AC7E718,Insider Threat,Cloud Infrastructure,Easy,"An employee with legitimate access begins to collect information about sensitive resources in the cloud infrastructure, ultimately leading to unauthorized access and data exfiltration.","1. Reconnaissance: T1595 Active Scanning, T1087 Account Discovery | 2. Initial Access: T1078 Valid Accounts | 3. Data Exfiltration: T1041 Exfiltration Over Web Service",3
ADV-43448EC33B,Ransomware,Enterprise Network,Medium,"In a coordinated attack against a major retail payment processing firm, Sandworm leveraged their access to exploit vulnerabilities and move laterally across systems. Their objective was to deploy ransomware and cause widespread disruption to critical infrastructure, all while executing the attack with low operational security.","1. Reconnaissance: T1595 Active Scanning | 2. Initial Access: T1566 Phishing, T1566.001 Phishing: Spear Phishing Link | 3. Lateral Movement: T1078 Valid Accounts, T1021 Remote Services | 4. Command and Control: T1071 Application Layer Protocol, T1102 Web Service",4
ADV-130B8C0B65,APT,Healthcare,Medium,"An advanced persistent threat group targets a healthcare organization to steal sensitive patient data and disrupt services. The attack unfolds in a series of stages, starting with reconnaissance to gather information about the organization's network and personnel, followed by initial access via phishing attacks, and culminating in data exfiltration and impact on healthcare services.","1. Reconnaissance: T1595 Active Scanning, T1583 Acquire Infrastructure | 2. Initial Access: T1566 Phishing, T1078 Valid Accounts | 3. Execution: T1059 Command and Scripting Interpreter, T1203 Exploitation for Client Execution | 4. Data Exfiltration: T1041 Exfiltration Over Command and Control Channel, T1567 Exfiltration Over Web Service | 5. Impact: T1486 Data Encrypted for Impact, T1499 Endpoint Denial of Service",5
ADV-B6C82F9C4E,Ransomware,Healthcare,Medium,"The Charming Kitten threat group targets a hospital emergency department, aiming to deploy ransomware for extortion purposes. Utilizing high operational security, they manipulate identities and abuse cloud services to gain access.","1. Reconnaissance: T1595 Active Scanning | 2. Initial Access: T1566.001 Phishing: Spear Phishing Attachment, T1078 Valid Accounts | 3. Execution: T1203 Exploitation for Client Execution | 4. Impact: T1486 Data Encrypted for Impact",4
ADV-104421C9EC,Insider Threat,ICS,Hard,"Charming Kitten has infiltrated a critical infrastructure facility, leveraging insider knowledge to gather sensitive data. The campaign aims to prepare for a destructive attack on the power grid while maintaining low operational security.",1. Reconnaissance: T1595 Active Scanning | 2. Initial Access: T1078 Valid Accounts | 3. Data Collection: T1005 Data from Local System | 4. Exfiltration: T1041 Exfiltration Over Command and Control Channel,4
ADV-1C75A1170D,Ransomware,Healthcare,Medium,"An attacker targets a healthcare organization to deploy ransomware, starting with reconnaissance to identify potential vulnerabilities, followed by initial access through phishing, and culminating in the encryption of critical patient data.","1. Reconnaissance: T1595 Active Scanning | 2. Initial Access: T1566 Phishing, T1078 Valid Accounts | 3. Execution: T1203 Exploitation for Client Execution | 4. Impact: T1486 Data Encrypted for Impact",4
ADV-04EEFD39F2,Phishing,Healthcare,Hard,An attacker targets a healthcare organization by first gathering information about employees and then launching a sophisticated phishing attack to gain access to sensitive patient data.,"1. Reconnaissance: T1595 Active Scanning, T1087 Account Discovery | 2. Initial Access: T1566 Phishing, T1078 Valid Accounts | 3. Credential Access: T1056 Input Capture, T1110 Brute Force | 4. Exfiltration: T1041 Exfiltration Over Command and Control Channel, T1048 Exfiltration Over Alternative Protocol",4
ADV-37947ECE64,Phishing,Healthcare,Easy,"APT35 conducts a phishing campaign targeting pharmaceutical companies to infiltrate their supply chains. By leveraging existing software tools and maintaining a low profile, they aim to manipulate downstream targets without detection.","1. Reconnaissance: T1595 Active Scanning | 2. Initial Access: T1566.001 Phishing: Spear Phishing Link, T1566.002 Phishing: Spear Phishing Attachment | 3. Execution: T1203 Exploitation for Client Execution | 4. Persistence: T1078 Valid Accounts",4
ADV-122B15D2A0,Ransomware,Cloud Infrastructure,Hard,"An advanced persistent threat group conducts a multi-stage ransomware attack against a cloud infrastructure provider, leveraging a variety of techniques to gain access, escalate privileges, and execute their malicious payload.","1. Reconnaissance: T1595 Active Scanning, T1083 File and Directory Discovery | 2. Initial Access: T1566 Phishing, T1078 Valid Accounts | 3. Execution: T1486 Data Encrypted for Impact, T1059 Command and Scripting Interpreter | 4. Persistence: T1136 Create Account, T1543 Create or Modify System Process | 5. Exfiltration: T1041 Exfiltration Over Command and Control Channel, T1048 Exfiltration Over Alternative Protocol",5
ADV-F0FBDC98EB,Phishing,Cloud Infrastructure,Easy,An attacker conducts a phishing campaign targeting employees of a cloud service provider to gain unauthorized access to sensitive information and resources.,"1. Reconnaissance: T1595 Active Scanning | 2. Initial Access: T1566 Phishing, T1078 Valid Accounts | 3. Execution: T1071 Application Layer Protocol, T1212 Exploitation for Client Execution",3
ADV-05BF79C61E,Insider Threat,Healthcare,Easy,"An employee in a healthcare organization exploits their access to sensitive patient data for personal gain, leading to data theft and potential breaches of patient confidentiality.","1. Reconnaissance: T1595 Active Scanning | 2. Initial Access: T1078 Valid Accounts | 3. Data Exfiltration: T1041 Exfiltration Over Command and Control Channel, T1567 Exfiltration Over Web Service",3
ADV-C729915AA3,Phishing,Healthcare,Easy,An attacker targets a healthcare organization by sending a phishing email to gain initial access to the network. The attacker gathers information about potential targets and uses this information to create a convincing email that appears to come from a trusted source within the organization.,"1. Reconnaissance: T1595 Active Scanning | 2. Initial Access: T1566 Phishing, T1078 Valid Accounts | 3. Credential Access: T1110 Brute Force, T1552 Unsecured Credentials",3
ADV-07038D52DA,Ransomware,Enterprise Network,Easy,"An attacker targets an enterprise network to deploy ransomware, starting with reconnaissance to identify vulnerable systems and ending with data encryption and ransom demand.",1. Reconnaissance: T1595 Active Scanning | 2. Initial Access: T1566 Phishing | 3. Execution: T1203 Exploitation for Client Execution | 4. Impact: T1486 Data Encrypted for Impact,4
ADV-AEBFF549A2,Phishing,Healthcare,Easy,An attacker targets a healthcare organization by leveraging phishing emails to gain initial access to sensitive systems and patient data.,"1. Reconnaissance: T1595 Active Scanning, T1087 Account Discovery | 2. Initial Access: T1566 Phishing, T1071 Application Layer Protocol | 3. Credential Access: T1566.001 Phishing: Spear Phishing Link, T1078 Valid Accounts",3
ADV-7CBB7965C0,Phishing,Enterprise Network,Easy,"An attacker targets an enterprise network by sending a phishing email to employees, leading to credential theft and further exploitation of the network.","1. Reconnaissance: T1595 Active Scanning, T1087 Account Discovery | 2. Initial Access: T1566 Phishing, T1078 Valid Accounts | 3. Credential Access: T1110 Brute Force, T1203 Exploitation for Client Execution",3
ADV-E81B68B9C0,Ransomware,Enterprise Network,Easy,The Mustang Panda threat actor targets a media organization to collect sensitive information and disrupt operations through ransomware. They leverage high operational security to maintain stealth while executing a slow and methodical attack.,"1. Reconnaissance: T1595 Active Scanning | 2. Initial Access: T1566.001 Phishing: Spear Phishing Attachment, T1078 Valid Accounts | 3. Execution: T1203 Exploitation for Client Execution | 4. Impact: T1486 Data Encrypted for Impact",4
ADV-D20C7F6FD6,Insider Threat,Enterprise Network,Easy,"An insider employee with access to sensitive data begins by scanning the network to identify vulnerable systems, then uses their legitimate access to exfiltrate data for personal gain.","1. Reconnaissance: T1595 Active Scanning | 2. Initial Access: T1078 Valid Accounts, T1566 Phishing | 3. Exfiltration: T1041 Exfiltration Over Command and Control Channel, T1020 Automated Exfiltration",3
ADV-F73BC4A5DA,APT,Cloud Infrastructure,Medium,"An advanced persistent threat actor targets a cloud infrastructure to exfiltrate sensitive data over several stages, starting from reconnaissance to data exfiltration.","1. Reconnaissance: T1595 Active Scanning, T1046 Network Service Scanning | 2. Initial Access: T1566 Phishing, T1078 Valid Accounts | 3. Execution: T1203 Exploitation for Client Execution, T1059 Command and Scripting Interpreter | 4. Persistence: T1547 Boot or Logon Autostart Execution | 5. Exfiltration: T1041 Exfiltration Over Command and Control Channel, T1048 Exfiltration Over Alternative Protocol",5
ADV-1E2C3F7D1C,Ransomware,Cloud Infrastructure,Hard,"A sophisticated ransomware attack targeting a cloud infrastructure, leveraging multiple stages to gain access, escalate privileges, and ultimately encrypt sensitive data for ransom.","1. Reconnaissance: T1595 Active Scanning | 2. Initial Access: T1566 Phishing, T1078 Valid Accounts | 3. Execution: T1059 Command and Scripting Interpreter | 4. Persistence: T1136 Create Account | 5. Exfiltration: T1041 Exfiltration Over Command and Control Channel | 6. Impact: T1486 Data Encrypted for Impact",6
ADV-902389E9F5,Ransomware,ICS,Easy,"An adversary targets an ICS environment, conducting reconnaissance to identify vulnerabilities, gaining initial access through phishing, and deploying ransomware to disrupt operations.","1. Reconnaissance: T1595 Active Scanning, T1583 Acquire Infrastructure | 2. Initial Access: T1566 Phishing, T1078 Valid Accounts | 3. Execution: T1059 Command and Scripting Interpreter, T1486 Data Encrypted for Impact",3
ADV-1819745172,Phishing,ICS,Medium,"APT29 targets a water treatment facility through a sophisticated phishing campaign. Utilizing legitimate credentials obtained from spear phishing, they gain persistent access to the ICS environment to conduct long-term intelligence collection while maintaining a low profile.","1. Reconnaissance: T1595 Active Scanning | 2. Initial Access: T1566 Phishing, T1566.001 Phishing: Spear Phishing Attachment | 3. Credential Access: T1078 Valid Accounts, T1555 Credentials from Password Stores | 4. Persistence: T1543 Create or Modify System Process, T1547 Boot or Logon Autostart Execution",4
ADV-87D484DBB1,APT,Cloud Infrastructure,Hard,APT41 targets a cloud-native SaaS startup to exfiltrate sensitive financial data for monetary gain. The group employs living-off-the-land techniques to evade detection while manipulating business email for financial theft.,"1. Reconnaissance: T1595 Active Scanning | 2. Initial Access: T1566 Phishing, T1566.001 Phishing: Spear Phishing Attachment | 3. Execution: T1059 Command and Scripting Interpreter, T1059.003 Command and Scripting Interpreter: Windows Command Shell | 4. Exfiltration: T1041 Exfiltration Over Command and Control Channel, T1071 Application Layer Protocol, T1071.001 Application Layer Protocol: Web Protocols",4
ADV-C21292650C,Ransomware,Enterprise Network,Easy,"Cozy Bear conducts a ransomware attack on a military contractor, focusing on stealthy initial access and credential harvesting to disrupt critical infrastructure. The attack employs a patient, low-noise approach to maintain operational security while executing the ransomware payload.","1. Reconnaissance: T1595 Active Scanning | 2. Initial Access: T1566 Spear Phishing, T1566.001 Spear Phishing Attachment | 3. Credential Access: T1078 Valid Accounts, T1110 Brute Force | 4. Execution: T1203 Exploitation for Client Execution, T1486 Data Encrypted for Impact",4
ADV-3880166C1A,Insider Threat,Healthcare,Easy,The Lazarus Group targets a hospital's emergency department by infiltrating the supply chain to compromise software updates. Their goal is to deploy ransomware that will extort the healthcare facility for financial gain while maintaining a low profile.,1. Reconnaissance: T1595 Active Scanning | 2. Initial Access: T1566.001 Phishing: Spear Phishing Link | 3. Execution: T1203 Exploitation for Client Execution | 4. Impact: T1486 Data Encrypted for Impact,4
ADV-AA3D2DB04A,APT,ICS,Easy,"The Lazarus Group has targeted a water treatment facility aiming to deploy ransomware for extortion. Utilizing living-off-the-land techniques, they exploit existing tools within the environment while maintaining a moderate operational security posture.","1. Reconnaissance: T1595 Active Scanning | 2. Initial Access: T1078.001 Valid Accounts, T1566.001 Phishing: Spear Phishing Attachment | 3. Execution: T1218.011 Signed Binary Proxy Execution: Regsvr32, T1059.001 Command and Scripting Interpreter: Windows Command Shell | 4. Data Exfiltration: T1041 Exfiltration Over Command and Control Channel, T1071.001 Application Layer Protocol: Web Protocols",4
ADV-6DEA3FDBC3,Ransomware,Cloud Infrastructure,Medium,"An attacker targets a cloud infrastructure provider to deploy ransomware, starting with reconnaissance to identify potential vulnerabilities and moving through initial access, execution, and data encryption stages.","1. Reconnaissance: T1595 Active Scanning, T1592 Gather Victim Identity Information | 2. Initial Access: T1566 Phishing, T1078 Valid Accounts | 3. Execution: T1203 Exploitation for Client Execution, T1059 Command and Scripting Interpreter | 4. Data Encryption: T1486 Data Encrypted for Impact",4
ADV-22A741209D,Insider Threat,Healthcare,Medium,"An employee at a healthcare organization exploits their access to sensitive patient data for personal gain, leading to a data breach that impacts patient privacy and organizational integrity.","1. Reconnaissance: T1595 Active Scanning, T1087 Account Discovery | 2. Initial Access: T1078 Valid Accounts, T1021.001 Remote Desktop Protocol | 3. Data Exfiltration: T1041 Exfiltration Over Command and Control Channel, T1020 Automated Exfiltration",3
ADV-27537B25D7,APT,Healthcare,Medium,"An advanced persistent threat group targets a healthcare organization, aiming to steal patient data and disrupt services by leveraging social engineering and sophisticated cyber tactics.","1. Reconnaissance: T1595 Active Scanning | 2. Initial Access: T1566 Phishing, T1078 Valid Accounts | 3. Execution: T1041 Exfiltration Over Command and Control Channel, T1203 Exploitation for Client Execution | 4. Persistence: T1136 Create Account | 5. Exfiltration: T1041 Exfiltration Over Command and Control Channel",5
ADV-6AF5DF650B,APT,Cloud Infrastructure,Easy,"In a targeted campaign against a cloud-native SaaS startup, Sandworm employs a series of sophisticated techniques to gain initial access and harvest credentials. The operation is characterized by high operational security and a focus on stealth to avoid detection.","1. Reconnaissance: T1595 Active Scanning | 2. Initial Access: T1566.001 Phishing: Spear Phishing Link, T1190 Exploit Public-Facing Application | 3. Credential Harvesting: T1078 Valid Accounts, T1056.001 Input Capture: Keylogging | 4. Command and Control: T1071.001 Application Layer Protocol: Web Protocols, T1041 Exfiltration Over Command and Control Channel",4
ADV-A48DB07D37,Ransomware,Healthcare,Hard,"In a targeted campaign against a leading pharmaceutical company, Sandworm employs a series of sophisticated techniques to infiltrate systems and deploy ransomware. The threat actor utilizes living-off-the-land tactics to evade detection while aiming for financial theft through business email compromise.","1. Reconnaissance: T1595 Active Scanning | 2. Initial Access: T1566 Phishing, T1566.001 Malicious Link | 3. Execution: T1059 Command and Scripting Interpreter, T1059.001 PowerShell | 4. Exfiltration: T1041 Exfiltration Over Command and Control Channel, T1048 Exfiltration Over Other Network Medium",4
ADV-A79F23042C,Phishing,Enterprise Network,Medium,APT35 targets a media organization through a cunning phishing campaign aimed at harvesting login credentials from employees. The attack is designed to move quickly and create misdirection to facilitate the exfiltration of sensitive financial information.,"1. Reconnaissance: T1595 Active Scanning | 2. Initial Access: T1566 Phishing, T1566.001 Phishing: Spear Phishing Link | 3. Credentials Access: T1078 Valid Accounts | 4. Exfiltration: T1041 Exfiltration Over Command and Control Channel",4
ADV-E15F8A0985,Ransomware,Cloud Infrastructure,Medium,"APT41 targets a cloud-native SaaS startup to deploy ransomware, aiming for financial theft through business email compromise. Utilizing moderate operational security, they exploit vulnerabilities before delivering a destructive payload.","1. Reconnaissance: T1595 Active Scanning | 2. Initial Access: T1566.001 Phishing: Spear Phishing Attachment, T1078 Valid Accounts | 3. Execution: T1203 Exploitation for Client Execution, T1059.001 Command and Scripting Interpreter: PowerShell | 4. Impact: T1486 Data Encrypted for Impact, T1489 Impact",4
ADV-469CEB0044,Insider Threat,Healthcare,Easy,"An employee in a healthcare facility exploits their access to sensitive patient data for personal gain, leading to a data breach involving confidential information.","1. Reconnaissance: T1595 Active Scanning, T1087 Account Discovery | 2. Initial Access: T1078 Valid Accounts, T1041 Exfiltration Over Command and Control Channel | 3. Data Exfiltration: T1041 Exfiltration Over Command and Control Channel, T1567 Exfiltration Over Web Service",3
ADV-566CB09FC3,Insider Threat,ICS,Medium,"An insider at an industrial control system facility, motivated by personal grievances, conducts a series of actions to exploit vulnerabilities and gain unauthorized access to critical systems, ultimately leading to a data breach and system disruption.","1. Reconnaissance: T1595 Active Scanning, T1087 Account Discovery | 2. Initial Access: T1078 Valid Accounts, T1566 Phishing | 3. Execution: T1059 Command-Line Interface, T1203 Exploitation for Client Execution | 4. Impact: T1485 Data Destruction, T1499 Impact",4
ADV-FE932584DF,Phishing,ICS,Medium,"The Sandworm threat actor targets a water treatment facility using a sophisticated phishing campaign aimed at infiltrating cloud services connected to the facility's operations. By exploiting identity manipulation techniques, they attempt to poison the supply chain to reach downstream targets effectively.","1. Reconnaissance: T1595 Active Scanning | 2. Initial Access: T1566 Phishing, T1566.001 Phishing: Spear Phishing Attachment | 3. Credential Access: T1078 Valid Accounts | 4. Privilege Escalation: T1055 Process Injection",4
ADV-45FE1D5BC3,Insider Threat,ICS,Medium,"In this campaign, APT41 leverages insider access to establish persistent footholds within a water treatment facility's ICS environment. The objective is to facilitate financial theft and execute business email compromise through stealthy, long-term implant strategies.","1. Reconnaissance: T1595 Active Scanning | 2. Initial Access: T1566.001 Phishing: Spear Phishing Link, T1078.001 Valid Accounts: Default Accounts | 3. Persistence: T1543.003 Create or Modify System Process: Windows Service, T1053.005 Scheduled Task/Job: Scheduled Task | 4. Exfiltration: T1041 Exfiltration Over Command and Control Channel, T1048 Exfiltration Over Alternative Protocol",4
ADV-7CEF475484,APT,ICS,Medium,"An advanced persistent threat (APT) group targets an industrial control system (ICS) environment, leveraging a multi-stage attack to gain unauthorized access and disrupt operations.","1. Reconnaissance: T1595 Active Scanning | 2. Initial Access: T1566 Phishing, T1078 Valid Accounts | 3. Execution: T1203 Exploitation for Client Execution | 4. Persistence: T1053 Scheduled Task | 5. Command and Control: T1071 Application Layer Protocol | 6. Impact: T1499 Impact",6
ADV-7C7BDA0022,Insider Threat,Cloud Infrastructure,Easy,"An insider with legitimate access to cloud infrastructure begins to gather sensitive information about the organization's cloud resources and user permissions, leveraging their knowledge to exploit vulnerabilities for personal gain.","1. Reconnaissance: T1595 Active Scanning, T1071 Application Layer Protocol | 2. Initial Access: T1078 Valid Accounts, T1566 Phishing | 3. Exfiltration: T1041 Exfiltration Over Command and Control Channel, T1020 Automated Exfiltration",3
ADV-FD7524666E,Ransomware,Cloud Infrastructure,Easy,"An attacker targets a cloud infrastructure environment to deploy ransomware, beginning with reconnaissance to gather information about vulnerable systems and users, followed by gaining initial access through phishing, and finally executing the ransomware payload to encrypt critical data and demand a ransom.","1. Reconnaissance: T1595 Active Scanning | 2. Initial Access: T1566 Phishing, T1078 Valid Accounts | 3. Execution: T1486 Data Encrypted for Impact",3
ADV-3FF7407018,APT,Healthcare,Easy,An advanced persistent threat actor targets a healthcare organization to exfiltrate patient data by employing a multi-stage attack starting from reconnaissance to data exfiltration.,"1. Reconnaissance: T1595 Active Scanning | 2. Initial Access: T1566 Phishing, T1078 Valid Accounts | 3. Execution: T1059 Command and Scripting Interpreter | 4. Exfiltration: T1041 Exfiltration Over Command and Control Channel",4
ADV-1DD7ACE353,Phishing,Cloud Infrastructure,Hard,"An attacker targets cloud infrastructure by conducting reconnaissance to identify potential victims, then crafts a phishing email to gain initial access, and finally escalates privileges within the cloud environment before exfiltrating sensitive data.","1. Reconnaissance: T1595 Active Scanning | 2. Initial Access: T1566 Phishing, T1078 Valid Accounts | 3. Privilege Escalation: T1068 Execution with Unapproved Commands, T1134 Access Token Manipulation | 4. Exfiltration: T1041 Exfiltration Over Command and Control Channel, T1048 Exfiltration Over Alternative Protocol",4
ADV-DAD5EADCE2,APT,ICS,Medium,"An advanced persistent threat (APT) group targets an industrial control system (ICS) to disrupt operations and steal sensitive data. The attackers use a multi-stage approach, beginning with reconnaissance and culminating in data exfiltration.","1. Reconnaissance: T1595 Active Scanning, T1083 File and Directory Discovery | 2. Initial Access: T1566 Phishing, T1189 Drive-by Compromise | 3. Execution: T1059 Command and Scripting Interpreter, T1203 Exploitation for Client Execution | 4. Persistence: T1078 Valid Accounts, T1136 Create Account | 5. Privilege Escalation: T1068 exploitation of Vulnerability | 6. Data Exfiltration: T1041 Exfiltration Over Command and Control Channel, T1560 Archive Collected Data",6
ADV-5355A1F1E7,Ransomware,ICS,Easy,"An attacker targets an Industrial Control System (ICS) environment to deploy ransomware. The attacker starts by scanning the network for vulnerabilities and then uses phishing to gain initial access. Once inside, they move laterally to find key systems and ultimately deploy ransomware to encrypt data and demand a ransom for recovery.","1. Reconnaissance: T1595 Active Scanning | 2. Initial Access: T1566 Phishing, T1078 Valid Accounts | 3. Execution: T1203 Exploitation for Client Execution | 4. Impact: T1486 Data Encrypted for Impact",4
ADV-BA54E05AC8,Phishing,Enterprise Network,Easy,"The Lazarus Group targets a military contractor through a phishing campaign designed to gain initial access to sensitive information. Utilizing low operational security, the group aims to establish a long-term implant for financial theft and business email compromise.",1. Reconnaissance: T1595 Active Scanning | 2. Initial Access: T1566.001 Phishing: Spear Phishing Attachment | 3. Execution: T1203 Exploitation for Client Execution | 4. Persistence: T1547.001 Startup Items: Registry Run Keys / Startup Folder,4
ADV-BA4E7B1DA2,Insider Threat,Enterprise Network,Easy,"APT28 targets a legal firm to collect sensitive intellectual property and client data, leveraging insider access. The campaign is executed with low operational security, aiming for quick data exfiltration amid time pressures.","1. Reconnaissance: T1595 Active Scanning | 2. Initial Access: T1566 Phishing, T1566.001 Spear Phishing Link | 3. Data Collection: T1119 Automated Exfiltration, T1074 Data Staged | 4. Exfiltration: T1041 Exfiltration Over Command and Control Channel",4
ADV-B11D333E5C,APT,Enterprise Network,Hard,"APT41 targets a major broadcasting company to deploy persistent implants aimed at disrupting critical infrastructure. Utilizing moderate operational security, the attackers blend speed and stealth to maintain long-term access while preparing for a destructive strike.","1. Reconnaissance: T1595 Active Scanning | 2. Initial Access: T1566 Phishing, T1566.001 Phishing: Spear Phishing Link | 3. Persistence: T1078 Valid Accounts, T1136 Create Account | 4. Command and Control: T1219 Remote Access Software, T1095 Non-Application Layer Protocol",4
ADV-4AE4310A02,Ransomware,Cloud Infrastructure,Easy,"An attacker targets a cloud infrastructure to deploy ransomware. The attack unfolds through various stages, starting from reconnaissance to finally executing the ransomware payload.","1. Reconnaissance: T1595 Active Scanning | 2. Initial Access: T1566 Phishing, T1078 Valid Accounts | 3. Execution: T1486 Data Encrypted for Impact",3
ADV-B9AB760653,Phishing,Enterprise Network,Easy,An attacker conducts a phishing campaign targeting employees in an enterprise network to gain initial access and harvest credentials.,"1. Reconnaissance: T1595 Active Scanning | 2. Initial Access: T1566 Phishing, T1078 Valid Accounts",2
ADV-7C0666B1C3,Ransomware,Enterprise Network,Hard,"A sophisticated ransomware attack targeting an enterprise network, beginning with extensive reconnaissance and culminating in data encryption and ransom demands.","1. Reconnaissance: T1595 Active Scanning | 2. Initial Access: T1566 Phishing, T1078 Valid Accounts | 3. Execution: T1203 Exploitation for Client Execution, T1059 Command and Scripting Interpreter | 4. Impact: T1486 Data Encrypted for Impact",4
ADV-0706623242,APT,Healthcare,Hard,An advanced persistent threat group targets a healthcare organization to steal sensitive patient data and disrupt services. The attackers employ a multi-stage approach utilizing various techniques from the MITRE ATT&CK framework to achieve their objectives.,"1. Reconnaissance: T1595 Active Scanning, T1583 Acquire Infrastructure | 2. Initial Access: T1566 Phishing, T1071 Application Layer Protocol | 3. Execution: T1059 Command and Scripting Interpreter, T1123 Audio Capture | 4. Persistence: T1078 Valid Accounts, T1136 Create Account | 5. Exfiltration: T1041 Exfiltration Over Command and Control Channel, T1048 Exfiltration Over Alternative Protocol",5
ADV-6485EFDE0E,Insider Threat,Cloud Infrastructure,Medium,"An insider threat actor within the organization utilizes their access to gather sensitive information and exploit cloud infrastructure for malicious purposes, ultimately leading to data exfiltration and unauthorized access to critical resources.","1. Reconnaissance: T1595 Active Scanning, T1046 Network Service Scanning | 2. Initial Access: T1078 Valid Accounts, T1098 Account Manipulation | 3. Execution: T1041 Exfiltration Over Command and Control Channel, T1059 Command and Scripting Interpreter | 4. Exfiltration: T1048 Exfiltration Over Alternative Protocol, T1567 Exfiltration Over Web Service",4
ADV-A4C91DC928,Phishing,ICS,Hard,"APT28 targets a water treatment facility using sophisticated phishing techniques to gain initial access. Their objective is to deploy ransomware for extortion, leveraging cloud service abuse and identity manipulation throughout the attack.","1. Reconnaissance: T1595 Active Scanning, T1592 Gather Victim Info | 2. Initial Access: T1566 Phishing, T1566.001 Spear Phishing Attachment | 3. Credential Access: T1078 Valid Accounts, T1110 Brute Force | 4. Execution: T1203 Exploitation for Client Execution, T1486 Data Encrypted for Impact",4
ADV-13DF3E4B51,Phishing,Cloud Infrastructure,Medium,An attacker targets a cloud infrastructure provider using phishing techniques to gain initial access and escalate privileges.,"1. Reconnaissance: T1595 Active Scanning | 2. Initial Access: T1566 Phishing, T1078 Valid Accounts | 3. Credential Access: T1555 Credentials from Password Stores | 4. Privilege Escalation: T1068 Execution with Unnecessary Privileges",4
ADV-12349FFD5B,Phishing,Enterprise Network,Easy,An attacker conducts a phishing campaign targeting employees in an enterprise network to gain unauthorized access to sensitive information.,"1. Reconnaissance: T1595 Active Scanning, T1069 Permission Groups Discovery | 2. Initial Access: T1566 Phishing, T1071 Application Layer Protocol | 3. Credential Access: T1078 Valid Accounts, T1552.001 Credentials In Files",3
ADV-A72977D90D,Phishing,Cloud Infrastructure,Medium,"The Kimsuky threat actor targets a cloud-native SaaS startup through a sophisticated phishing campaign aimed at stealing credentials and sensitive intellectual property. Using social engineering tactics and deceptive emails, they gain initial access to the organization's cloud infrastructure.",1. Reconnaissance: T1595 Active Scanning | 2. Phishing: T1566.001 Phishing Link | 3. Credential Harvesting: T1078 Valid Accounts | 4. Data Exfiltration: T1041 Exfiltration Over Command and Control Channel,4
ADV-C4F87505FF,APT,Cloud Infrastructure,Easy,"APT29 targets a cloud-native SaaS startup to conduct a stealthy campaign aimed at financial theft through business email compromise. Utilizing sophisticated techniques, they exploit cloud services and manipulate identities to evade detection while executing their plan.","1. Reconnaissance: T1595 Active Scanning | 2. Initial Access: T1566.001 Phishing: Spear Phishing Attachment | 3. Credential Access: T1059.001 PowerShell, T1003.001 Credential Dumping: LSASS Memory | 4. Exfiltration: T1041 Exfiltration Over Command and Control Channel, T1567.002 Exfiltration Over Web Service: Exfiltration Over Web Service",4
ADV-BE0846EFA0,APT,Healthcare,Easy,"An advanced persistent threat actor targets a healthcare organization to gain access to sensitive patient data. The attack unfolds in several stages, starting with reconnaissance and leading to data exfiltration.","1. Reconnaissance: T1595 Active Scanning | 2. Initial Access: T1566 Phishing, T1078 Valid Accounts | 3. Execution: T1071 Application Layer Protocol | 4. Persistence: T1136 Create Account | 5. Exfiltration: T1041 Exfiltration Over Command and Control Channel",5
ADV-9705214641,Insider Threat,ICS,Easy,"An insider with legitimate access conducts reconnaissance on the ICS network, exploits their access to gain entry, and manipulates system configurations to disrupt operations.",1. Reconnaissance: T1595 Active Scanning | 2. Initial Access: T1078 Valid Accounts | 3. Execution: T1059 Command and Scripting Interpreter | 4. Impact: T1499 Endpoint Denial of Service,4
ADV-934CB0123D,APT,Enterprise Network,Easy,APT28 targets a research university to gain access to sensitive financial information and conduct business email compromise. The threat actor utilizes a variety of techniques to deliver a destructive payload aimed at financial theft.,"1. Reconnaissance: T1595 Active Scanning | 2. Initial Access: T1566 Phishing, T1566.001 Phishing: Spear Phishing Link | 3. Execution: T1203 Exploitation for Client Execution, T1486 Data Encrypted for Impact | 4. Impact: T1041 Exfiltration Over Command and Control Channel, T1078 Valid Accounts",4
ADV-E0507A85C4,Phishing,ICS,Hard,An attacker aims to compromise an industrial control system by leveraging a targeted phishing attack to gain unauthorized access to sensitive systems and data.,"1. Reconnaissance: T1595 Active Scanning | 2. Initial Access: T1566 Phishing, T1078 Valid Accounts | 3. Execution: T1203 Exploitation for Client Execution | 4. Persistence: T1053 Scheduled Task/Job | 5. Privilege Escalation: T1068 Execution with Unnecessary Privileges | 6. Exfiltration: T1041 Exfiltration Over Command and Control Channel",6
ADV-687E9FA263,Insider Threat,Enterprise Network,Medium,"In this scenario, an insider with access to the retail company's software supply chain is manipulated by Cozy Bear to introduce malicious code. The goal is to compromise payment processing systems and deploy ransomware to extort the company for financial gain.",1. Reconnaissance: T1595 Active Scanning | 2. Initial Access: T1078 Valid Accounts | 3. Execution: T1203 Exploitation for Client Execution | 4. Impact: T1486 Data Encrypted for Impact,4
ADV-4959DF6CC2,Phishing,Cloud Infrastructure,Easy,"An attacker targets employees within a cloud infrastructure company by sending a phishing email that appears to come from a trusted source, leading to credential theft and unauthorized access to cloud resources.","1. Reconnaissance: T1595 Active Scanning, T1087 Account Discovery | 2. Initial Access: T1566 Phishing, T1078 Valid Accounts | 3. Credential Access: T1003 Credential Dumping | 4. Persistence: T1136 Create Account",4
ADV-24B9D6028E,APT,Cloud Infrastructure,Hard,"An advanced persistent threat (APT) group targets a cloud infrastructure provider, aiming to gain unauthorized access and exfiltrate sensitive customer data over a prolonged period.","1. Reconnaissance: T1595 Active Scanning, T1592 Gather Victim Information | 2. Initial Access: T1566 Phishing, T1078 Valid Accounts | 3. Execution: T1059 Command and Scripting Interpreter, T1203 Exploitation for Client Execution | 4. Persistence: T1136 Create Account, T1098 Account Manipulation | 5. Privilege Escalation: T1068 Exploitation for Privilege Escalation | 6. Defense Evasion: T1070 Indicator Removal on Host, T1218 Signed Binary Proxy Execution | 7. Credential Access: T1003 Credential Dumping, T1555 Credentials from Password Stores | 8. Exfiltration: T1041 Exfiltration Over Command and Control Channel, T1048 Exfiltration Over Alternative Protocol | 9. Impact: T1499 Endpoint Denial of Service, T1561 Disk Structure Wreckers",9
ADV-2C23BDF501,Insider Threat,Healthcare,Hard,"An employee in a healthcare organization begins to exploit their privileged access to sensitive patient data for personal gain, leading to a multi-stage attack involving reconnaissance, initial access, and data exfiltration.","1. Reconnaissance: T1595 Active Scanning, T1592 Gather Victim Identity Information | 2. Initial Access: T1078 Valid Accounts, T1566 Phishing | 3. Data Exfiltration: T1041 Exfiltration Over Command and Control Channel, T1048 Exfiltration Over Alternative Protocol",3
ADV-1EE4472C38,Phishing,Enterprise Network,Hard,"An attacker conducts a sophisticated phishing campaign targeting employees in a large enterprise. The attack begins with reconnaissance to identify potential victims, followed by crafting a convincing email to gain initial access. Once inside, the attacker escalates privileges and moves laterally within the network, ultimately aiming for data exfiltration.","1. Reconnaissance: T1595 Active Scanning, T1087 Account Discovery | 2. Initial Access: T1566 Phishing, T1078 Valid Accounts | 3. Privilege Escalation: T1068 Exploitation for Client Execution | 4. Lateral Movement: T1021 Remote Services | 5. Exfiltration: T1041 Exfiltration Over Command and Control Channel",5
