blind_id,attck_alignment,stage_sequence,overall_realism,confidence_1_5,comments_optional
ADV-1CAA91B171,,,,,
ADV-C05BE69843,,,,,
ADV-8AF256BCB3,,,,,
ADV-B2E9905898,,,,,
ADV-78A0501165,,,,,
ADV-B62CD08163,,,,,
ADV-E772BB9223,,,,,
ADV-81547B2A29,,,,,
ADV-FCF97FA24C,,,,,
ADV-2F29AB1708,,,,,
ADV-305392BC3B,,,,,
ADV-02A61B0920,,,,,
ADV-63C9C410EA,,,,,
ADV-001A0228DB,,,,,
ADV-59FB56CD06,,,,,
ADV-451AC20382,,,,,
ADV-E74C554359,,,,,
ADV-75866EA9B9,,,,,
ADV-A68E462F83,,,,,
ADV-B3497BB649,,,,,
ADV-884BC4E303,,,,,
ADV-7DE4C3CBE2,,,,,
ADV-FE4A4D361C,,,,,
ADV-BF4DA2C54F,,,,,
ADV-E64E13FB09,,,,,
ADV-4F472F820C,,,,,
ADV-EC8A96AE85,,,,,
ADV-B632365931,,,,,
ADV-28AEA274A3,,,,,
ADV-911F49D19E,,,,,
ADV-BE77E9945E,,,,,
ADV-2FC797FDCB,,,,,
ADV-1B39E5FAC2,,,,,
ADV-54F555CDE3,,,,,
ADV-944EB97AF7,,,,,
ADV-2C86ACB7C2,,,,,
ADV-537B960BB1,,,,,
ADV-A85CFD78B3,,,,,
ADV-A94EA274FF,,,,,
ADV-117803985B,,,,,
ADV-748451A420,,,,,
ADV-658E67D770,,,,,
ADV-D169F3E5C9,,,,,
ADV-589193E08E,,,,,
ADV-4739721DD4,,,,,
ADV-688F54D5AD,,,,,
ADV-DC24272123,,,,,
ADV-D72EDCE81F,,,,,
ADV-C1A2F003FB,,,,,
ADV-C62AD7706B,,,,,
ADV-729E3589A0,,,,,
ADV-18C7BB3563,,,,,
ADV-BE4619ACAB,,,,,
ADV-C452614FB5,,,,,
ADV-2D2C035F32,,,,,
ADV-7D8CF074F1,,,,,
ADV-F44B46030C,,,,,
ADV-86D500B330,,,,,
ADV-49741AFCB0,,,,,
ADV-2D2E337E83,,,,,
ADV-DC9B4AC07F,,,,,
ADV-F87C2B06AB,,,,,
ADV-858FF409BE,,,,,
ADV-CF6E358E00,,,,,
ADV-29E14D6D4B,,,,,
ADV-DCFF87F783,,,,,
ADV-D2F2A3FD48,,,,,
ADV-F741000ABB,,,,,
ADV-F83F8E3C87,,,,,
ADV-B328944C9E,,,,,
ADV-D1D48E2E74,,,,,
ADV-93060DA2EA,,,,,
ADV-597CD136C1,,,,,
ADV-17998624DB,,,,,
ADV-172020B26D,,,,,
ADV-27726A1125,,,,,
ADV-A58C1974D9,,,,,
ADV-228867A335,,,,,
ADV-E173418C4C,,,,,
ADV-D65302B796,,,,,
ADV-B79E672C31,,,,,
ADV-2579517B32,,,,,
ADV-336BB0B923,,,,,
ADV-308EE463DE,,,,,
ADV-2387A39A4E,,,,,
ADV-091AC7E718,,,,,
ADV-43448EC33B,,,,,
ADV-130B8C0B65,,,,,
ADV-B6C82F9C4E,,,,,
ADV-104421C9EC,,,,,
ADV-1C75A1170D,,,,,
ADV-04EEFD39F2,,,,,
ADV-37947ECE64,,,,,
ADV-122B15D2A0,,,,,
ADV-F0FBDC98EB,,,,,
ADV-05BF79C61E,,,,,
ADV-C729915AA3,,,,,
ADV-07038D52DA,,,,,
ADV-AEBFF549A2,,,,,
ADV-7CBB7965C0,,,,,
ADV-E81B68B9C0,,,,,
ADV-D20C7F6FD6,,,,,
ADV-F73BC4A5DA,,,,,
ADV-1E2C3F7D1C,,,,,
ADV-902389E9F5,,,,,
ADV-1819745172,,,,,
ADV-87D484DBB1,,,,,
ADV-C21292650C,,,,,
ADV-3880166C1A,,,,,
ADV-AA3D2DB04A,,,,,
ADV-6DEA3FDBC3,,,,,
ADV-22A741209D,,,,,
ADV-27537B25D7,,,,,
ADV-6AF5DF650B,,,,,
ADV-A48DB07D37,,,,,
ADV-A79F23042C,,,,,
ADV-E15F8A0985,,,,,
ADV-469CEB0044,,,,,
ADV-566CB09FC3,,,,,
ADV-FE932584DF,,,,,
ADV-45FE1D5BC3,,,,,
ADV-7CEF475484,,,,,
ADV-7C7BDA0022,,,,,
ADV-FD7524666E,,,,,
ADV-3FF7407018,,,,,
ADV-1DD7ACE353,,,,,
ADV-DAD5EADCE2,,,,,
ADV-5355A1F1E7,,,,,
ADV-BA54E05AC8,,,,,
ADV-BA4E7B1DA2,,,,,
ADV-B11D333E5C,,,,,
ADV-4AE4310A02,,,,,
ADV-B9AB760653,,,,,
ADV-7C0666B1C3,,,,,
ADV-0706623242,,,,,
ADV-6485EFDE0E,,,,,
ADV-A4C91DC928,,,,,
ADV-13DF3E4B51,,,,,
ADV-12349FFD5B,,,,,
ADV-A72977D90D,,,,,
ADV-C4F87505FF,,,,,
ADV-BE0846EFA0,,,,,
ADV-9705214641,,,,,
ADV-934CB0123D,,,,,
ADV-E0507A85C4,,,,,
ADV-687E9FA263,,,,,
ADV-4959DF6CC2,,,,,
ADV-24B9D6028E,,,,,
ADV-2C23BDF501,,,,,
ADV-1EE4472C38,,,,,
