blind_id,sample_index,scenario_id,active_validity,structure,transition_coherence,rs_current
ADV-1CAA91B171,1,APT29-Water-ICS-001,1.0,1.0,0.75,0.9375
ADV-C05BE69843,2,mustang_panda_financial_services_01,1.0,1.0,0.666667,0.916667
ADV-8AF256BCB3,3,APT29_Ransomware_Cloud_Nov2023,1.0,1.0,0.666667,0.916667
ADV-B2E9905898,4,MUSTANG_PANDA_MEDIA_PHISHING_001,1.0,1.0,0.666667,0.916667
ADV-78A0501165,5,ICS-Phishing-001,1.0,1.0,0.777778,0.944444
ADV-B62CD08163,6,APT-001,1.0,1.0,0.8,0.95
ADV-E772BB9223,7,sandworm_insider_threat_media_001,1.0,1.0,0.666667,0.916667
ADV-81547B2A29,8,cloud_phishing_attack_001,1.0,1.0,0.5,0.875
ADV-FCF97FA24C,9,APT35-Ransomware-Hospital-001,1.0,1.0,0.75,0.9375
ADV-2F29AB1708,10,MustangPanda_APT_Manufacturing_001,1.0,1.0,0.8,0.95
ADV-305392BC3B,11,APT29-Financial-Cloud-2023,1.0,1.0,0.666667,0.916667
ADV-02A61B0920,12,KIMSUKY_HigherEd_Phishing_Ransomware_001,1.0,1.0,0.6,0.9
ADV-63C9C410EA,13,phishing_healthcare_001,1.0,0.85,0.5,0.8225
ADV-001A0228DB,14,APT41_Telecom_Ransomware_001,1.0,1.0,0.75,0.9375
ADV-59FB56CD06,15,APT-Cloud-Infrastructure-001,1.0,1.0,0.333333,0.833333
ADV-451AC20382,16,insider-threat-001,1.0,0.85,0.75,0.885
ADV-E74C554359,17,ICS-Ransomware-001,1.0,1.0,0.75,0.9375
ADV-75866EA9B9,18,healthcare_ransomware_001,1.0,0.85,0.5,0.8225
ADV-A68E462F83,19,Lazarus_Ransomware_Telecom_2023,1.0,1.0,0.666667,0.916667
ADV-B3497BB649,20,insider_threat_cloud_001,1.0,1.0,0.666667,0.916667
ADV-884BC4E303,21,insider_threat_cloud_001,1.0,1.0,0.75,0.9375
ADV-7DE4C3CBE2,22,CB-APT29-ICS-001,1.0,1.0,0.8,0.95
ADV-FE4A4D361C,23,APT41-Ransomware-Retail-2023,1.0,1.0,0.6,0.9
ADV-BF4DA2C54F,24,MP-001,1.0,1.0,0.75,0.9375
ADV-E64E13FB09,25,KIMSUKY-HOSPITAL-001,1.0,1.0,0.666667,0.916667
ADV-4F472F820C,26,healthcare_ransomware_attack_001,1.0,1.0,0.5,0.875
ADV-EC8A96AE85,27,APT-Cloud-001,1.0,1.0,0.6,0.9
ADV-B632365931,28,APT-Healthcare-001,1.0,1.0,0.4,0.85
ADV-28AEA274A3,29,healthcare_phishing_attack_001,1.0,1.0,0.666667,0.916667
ADV-911F49D19E,30,ICS-Phishing-001,1.0,0.85,0.666667,0.864167
ADV-BE77E9945E,31,phishing_cloud_001,1.0,1.0,0.75,0.9375
ADV-2FC797FDCB,32,healthcare_ransomware_001,1.0,1.0,0.75,0.9375
ADV-1B39E5FAC2,33,insider-threat-001,1.0,0.85,0.8,0.8975
ADV-54F555CDE3,34,ICS-INSIDER-001,1.0,0.85,0.6,0.8475
ADV-944EB97AF7,35,HT-2023-001,1.0,1.0,0.666667,0.916667
ADV-2C86ACB7C2,36,kimsuky-water-treatment-ransomware,1.0,1.0,0.666667,0.916667
ADV-537B960BB1,37,MUSTANG_PANDA_WATER_01,1.0,1.0,0.666667,0.916667
ADV-A85CFD78B3,38,insider-threat-cloud-001,1.0,0.85,0.6,0.8475
ADV-A94EA274FF,39,APT41_Telecom_Phishing_001,1.0,1.0,0.666667,0.916667
ADV-117803985B,40,Lazarus_Group_Ransomware_Telecom_2023,1.0,1.0,0.75,0.9375
ADV-748451A420,41,Ransomware_Cloud_001,1.0,1.0,0.5,0.875
ADV-658E67D770,42,ICS-Phishing-001,1.0,1.0,0.666667,0.916667
ADV-D169F3E5C9,43,healthcare_ransomware_001,1.0,1.0,0.75,0.9375
ADV-589193E08E,44,APT29_Critical_Infrastructure_Campaign,1.0,1.0,0.666667,0.916667
ADV-4739721DD4,45,insider-threat-healthcare-001,1.0,0.85,0.8,0.8975
ADV-688F54D5AD,46,phishing_attack_001,1.0,1.0,0.8,0.95
ADV-DC24272123,47,APT41_WaterTreatment_2023,1.0,1.0,0.833333,0.958333
ADV-D72EDCE81F,48,ICS-Ransomware-001,1.0,1.0,0.555556,0.888889
ADV-C1A2F003FB,49,APT35_Ransomware_ICS_001,1.0,1.0,0.75,0.9375
ADV-C62AD7706B,50,APT35_Ransomware_001,1.0,1.0,0.8,0.95
ADV-729E3589A0,51,ICS-Ransomware-001,1.0,0.85,0.666667,0.864167
ADV-18C7BB3563,52,phishing_attack_healthcare_001,1.0,1.0,0.428571,0.857143
ADV-BE4619ACAB,53,ICS-Phishing-001,1.0,0.7,0.5,0.77
ADV-C452614FB5,54,Kimsuky_Insider_Threat_Cloud_SaaS_001,1.0,1.0,0.666667,0.916667
ADV-2D2C035F32,55,APT-ICS-001,1.0,1.0,0.272727,0.818182
ADV-7D8CF074F1,56,LZ-APT-2023-004,1.0,1.0,0.833333,0.958333
ADV-F44B46030C,57,insider-threat-simulation-001,1.0,1.0,0.666667,0.916667
ADV-86D500B330,58,phishing_attack_001,1.0,0.85,0.75,0.885
ADV-49741AFCB0,59,APT28_Phishing_Payload_Delivery,1.0,1.0,0.666667,0.916667
ADV-2D2E337E83,60,lazarus-water-treatment-phishing-001,1.0,1.0,0.75,0.9375
ADV-DC9B4AC07F,61,APT41_Ransomware_Pharmaceutical,1.0,1.0,0.857143,0.964286
ADV-F87C2B06AB,62,insider-threat-healthcare-001,1.0,0.85,0.5,0.8225
ADV-858FF409BE,63,APT35-Cloud-SaaS-2023,1.0,1.0,0.5,0.875
ADV-CF6E358E00,64,APT-ICS-001,1.0,1.0,0.7,0.925
ADV-29E14D6D4B,65,cloud_ransomware_attack_001,1.0,1.0,0.5,0.875
ADV-DCFF87F783,66,ICS-INSIDER-001,1.0,1.0,0.571429,0.892857
ADV-D2F2A3FD48,67,APT35_InsiderThreat_LegalServices_001,1.0,1.0,0.5,0.875
ADV-F741000ABB,68,sandworm_gov_defense_01,1.0,1.0,0.333333,0.833333
ADV-F83F8E3C87,69,APT35-Insider-Threat-001,1.0,1.0,0.666667,0.916667
ADV-B328944C9E,70,phishing_attack_healthcare_001,1.0,1.0,0.5,0.875
ADV-D1D48E2E74,71,APT28-ICS-2023,1.0,1.0,0.666667,0.916667
ADV-93060DA2EA,72,APT-Cloud-001,1.0,0.85,0.666667,0.864167
ADV-597CD136C1,73,cloud_phishing_attack_001,1.0,1.0,0.714286,0.928571
ADV-17998624DB,74,sandworm_legal_supply_chain_poisoning,1.0,1.0,0.4,0.85
ADV-172020B26D,75,Ransomware_Cloud_001,1.0,1.0,0.75,0.9375
ADV-27726A1125,76,insider-threat-cloud-001,1.0,1.0,0.714286,0.928571
ADV-A58C1974D9,77,LZ-2023-001,1.0,1.0,0.833333,0.958333
ADV-228867A335,78,ransomware_attack_001,1.0,1.0,0.75,0.9375
ADV-E173418C4C,79,SANDWORM_INSIDER_THREAT_001,1.0,1.0,0.666667,0.916667
ADV-D65302B796,80,phishing_attack_cloud_001,1.0,1.0,0.6,0.9
ADV-B79E672C31,81,Kimsuky_Insider_Threat_001,1.0,1.0,0.8,0.95
ADV-2579517B32,82,insider-threat-cloud-001,1.0,0.85,0.6,0.8475
ADV-336BB0B923,83,KIMSUKY-HOSP-APT-001,1.0,1.0,0.333333,0.833333
ADV-308EE463DE,84,insider-threat-001,1.0,1.0,0.571429,0.892857
ADV-2387A39A4E,85,ransomware_attack_001,1.0,1.0,0.666667,0.916667
ADV-091AC7E718,86,insider_threat_cloud_easy_01,1.0,0.85,0.666667,0.864167
ADV-43448EC33B,87,Ransomware_Sandworm_Retail_001,1.0,1.0,0.666667,0.916667
ADV-130B8C0B65,88,APT-Healthcare-001,1.0,1.0,0.666667,0.916667
ADV-B6C82F9C4E,89,APT35-Ransomware-Hospital-2023,1.0,1.0,0.75,0.9375
ADV-104421C9EC,90,APT35_InsiderThreat_CriticalInfrastructure,1.0,1.0,0.666667,0.916667
ADV-1C75A1170D,91,healthcare_ransomware_attack_001,1.0,1.0,0.75,0.9375
ADV-04EEFD39F2,92,phishing_attack_healthcare_001,1.0,1.0,0.571429,0.892857
ADV-37947ECE64,93,APT35_Phishing_SupplyChain,1.0,1.0,0.75,0.9375
ADV-122B15D2A0,94,CLOUD-RANSOMWARE-001,1.0,1.0,0.555556,0.888889
ADV-F0FBDC98EB,95,phishing_cloud_infrastructure_001,1.0,0.85,0.5,0.8225
ADV-05BF79C61E,96,insider_threat_healthcare_001,1.0,0.85,0.333333,0.780833
ADV-C729915AA3,97,phishing_healthcare_001,1.0,0.85,0.5,0.8225
ADV-07038D52DA,98,ransomware_attack_001,1.0,1.0,0.666667,0.916667
ADV-AEBFF549A2,99,phishing_healthcare_001,1.0,0.85,0.4,0.7975
ADV-7CBB7965C0,100,phishing_attack_01,1.0,0.85,0.6,0.8475
ADV-E81B68B9C0,101,MUSTANG-PANDA-MEDIA-RANSOMWARE-001,1.0,1.0,0.75,0.9375
ADV-D20C7F6FD6,102,insider-threat-easy-001,1.0,0.85,0.5,0.8225
ADV-F73BC4A5DA,103,APT_CLOUD_001,1.0,1.0,0.375,0.84375
ADV-1E2C3F7D1C,104,Ransomware_Attack_Cloud_001,1.0,1.0,0.833333,0.958333
ADV-902389E9F5,105,ics_ransomware_001,1.0,0.85,0.6,0.8475
ADV-1819745172,106,APT29-WaterTreatment-Phishing-001,1.0,1.0,0.5,0.875
ADV-87D484DBB1,107,APT41-Cloud-SaaS-2023,1.0,1.0,0.714286,0.928571
ADV-C21292650C,108,APT29-Ransomware-MilitaryContractor-001,1.0,1.0,0.833333,0.958333
ADV-3880166C1A,109,Lazarus_Hospital_Insider_Threat_001,1.0,1.0,0.666667,0.916667
ADV-AA3D2DB04A,110,lazarus_group_water_treatment_ransomware,1.0,1.0,0.833333,0.958333
ADV-6DEA3FDBC3,111,ransomware_cloud_attack_001,1.0,1.0,0.666667,0.916667
ADV-22A741209D,112,INSIDER_THREAT_001,1.0,0.85,0.8,0.8975
ADV-27537B25D7,113,APT-Healthcare-001,1.0,1.0,0.833333,0.958333
ADV-6AF5DF650B,114,sandworm-cloud-apt-001,1.0,1.0,0.833333,0.958333
ADV-A48DB07D37,115,SRW-2023-01,1.0,1.0,0.666667,0.916667
ADV-A79F23042C,116,APT35-Phishing-Media-001,1.0,1.0,0.75,0.9375
ADV-E15F8A0985,117,APT41_Ransomware_Campaign,1.0,1.0,0.833333,0.958333
ADV-469CEB0044,118,insider-threat-healthcare-001,1.0,0.85,0.5,0.8225
ADV-566CB09FC3,119,ICS-Insider-Threat-001,1.0,1.0,0.857143,0.964286
ADV-FE932584DF,120,sandworm_phishing_water_treatment_001,1.0,1.0,0.75,0.9375
ADV-45FE1D5BC3,121,APT41_ICS_InsiderThreat_001,1.0,1.0,0.5,0.875
ADV-7CEF475484,122,APT-ICS-001,1.0,1.0,0.5,0.875
ADV-7C7BDA0022,123,insider-threat-cloud-001,1.0,0.85,0.6,0.8475
ADV-FD7524666E,124,ransomware_simulation_001,1.0,0.85,0.666667,0.864167
ADV-3FF7407018,125,APT-Healthcare-001,1.0,1.0,0.75,0.9375
ADV-1DD7ACE353,126,phishing_attack_cloud_001,1.0,1.0,0.5,0.875
ADV-DAD5EADCE2,127,APT-ICS-001,1.0,1.0,0.8,0.95
ADV-5355A1F1E7,128,ICS-Ransomware-Easy-001,1.0,1.0,0.75,0.9375
ADV-BA54E05AC8,129,lazarus_phishing_military,1.0,1.0,0.666667,0.916667
ADV-BA4E7B1DA2,130,APT28_Legal_Firm_Insider_Threat_001,1.0,1.0,0.6,0.9
ADV-B11D333E5C,131,APT41-Media-Broadcasting-2023,1.0,1.0,0.666667,0.916667
ADV-4AE4310A02,132,ransomware_cloud_001,1.0,0.85,0.666667,0.864167
ADV-B9AB760653,133,phishing_attack_001,1.0,0.7,0.5,0.77
ADV-7C0666B1C3,134,ransomware_attack_001,1.0,1.0,0.8,0.95
ADV-0706623242,135,APT-HEALTHCARE-001,1.0,1.0,0.444444,0.861111
ADV-6485EFDE0E,136,insider-threat-cloud-001,1.0,1.0,0.571429,0.892857
ADV-A4C91DC928,137,APT28-Phishing-Ransomware-2023,1.0,1.0,0.714286,0.928571
ADV-13DF3E4B51,138,cloud-phishing-001,1.0,1.0,0.75,0.9375
ADV-12349FFD5B,139,phishing_attack_001,1.0,0.85,0.4,0.7975
ADV-A72977D90D,140,Kimsuky_Phishing_IP_Theft,1.0,1.0,0.666667,0.916667
ADV-C4F87505FF,141,APT29-Cloud-2023,1.0,1.0,0.8,0.95
ADV-BE0846EFA0,142,APT-Healthcare-001,1.0,1.0,0.6,0.9
ADV-9705214641,143,ICS-Insider-Threat-001,1.0,1.0,0.333333,0.833333
ADV-934CB0123D,144,APT28-HE-2023,1.0,1.0,0.833333,0.958333
ADV-E0507A85C4,145,ICS-Phishing-Attack-001,1.0,1.0,0.666667,0.916667
ADV-687E9FA263,146,APT29_Retail_Insider_Threat_001,1.0,1.0,0.666667,0.916667
ADV-4959DF6CC2,147,phishing_attack_001,1.0,1.0,0.6,0.9
ADV-24B9D6028E,148,APT-Cloud-001,1.0,1.0,0.5625,0.890625
ADV-2C23BDF501,149,HT_INSIDER_001,1.0,0.85,0.2,0.7475
ADV-1EE4472C38,150,phishing_attack_001,1.0,1.0,0.5,0.875
